"pathway","pval","padj","log2err","ES","NES","size","leadingEdge"
"GO:0006334",2.24436925565697e-19,6.55580259577402e-16,1.13308993200902,-0.725190964235891,-2.84290175614349,98,"H3C3;H3C7;H3C2;H4C1;H2BC7;H1-0;H1-5;H2BC3;H4C5;H3C11;H2BC1;H3C8;H1-3;H2BC10;H4C3;H4C4;H3C1;H2BC13;H2BC8;H4C2;H4C16;H2BC9;H4C8;H1-2;H3C10;H2BC15;H1-4;H4C6;HMGB2;H4C14;NAP1L5;NAP1L2;H2BC17;H4C9;H3C13;SHPRH;H1-10;H3C6;NAP1L1;H4C15"
"GO:0034728",1.64335166400498e-19,6.55580259577402e-16,1.14219120216838,-0.689993370762925,-2.77445198304008,117,"H3C3;H3C7;H3C2;H4C1;H2BC7;H1-0;H1-5;H2BC3;H4C5;H3C11;H2BC1;H3C8;H1-3;H2BC10;H4C3;H4C4;H3C1;H2BC13;H2BC8;H4C2;H4C16;H2BC9;H4C8;H1-2;H3C10;H2BC15;H1-4;NFE2;H4C6;HMGB2;H4C14;NAP1L5;NAP1L2;H2BC17;H4C9;H3C13;SHPRH;H1-10;H3C6;NAP1L1;H4C15"
"GO:0065004",5.42703348527684e-19,1.05682432069958e-15,1.12391496374483,-0.579757514018267,-2.49751326448291,205,"H3C3;H3C7;H3C2;H4C1;H2BC7;H1-0;H1-5;H2BC3;H4C5;H3C11;H2BC1;H3C8;H1-3;H2BC10;H4C3;H4C4;H3C1;HJURP;DLGAP5;H2BC13;H2BC8;H4C2;H4C16;H2BC9;MED18;H4C8;H1-2;H3C10;H2BC15;H1-4;TAF1B;H4C6;CDC45;CENPA;CENPE;CENPW;HMGB2;H4C14;NAP1L5;NAP1L2;NFKBIZ;MED21;H2BC17;H4C9;H3C13;SHPRH;CDT1;H1-10;CENPI;SUGT1;H3C6;NAP1L1;H4C15;CENPF;MACROH2A2;H3-4;TCF4;ASF1B;HMGB1;RAD51;CENPH;H2AX"
"GO:0071824",8.8193137980651e-19,1.28806078020741e-15,1.11466447751729,-0.562949229454556,-2.4499529504321,224,"H3C3;H3C7;H3C2;H4C1;H2BC7;H1-0;H1-5;H2BC3;H4C5;H3C11;H2BC1;H3C8;H1-3;H2BC10;H4C3;H4C4;H3C1;HJURP;DLGAP5;H2BC13;H2BC8;H4C2;H4C16;H2BC9;MED18;H4C8;H1-2;H3C10;H2BC15;H1-4;NFE2;TAF1B;H4C6;CDC45;CENPA;CENPE;CENPW;HMGB2;H4C14;NAP1L5;NAP1L2;NFKBIZ;MED21;H2BC17;H4C9;H3C13;SHPRH;CDT1;H1-10;CENPI;SUGT1;H3C6;NAP1L1;H4C15;CENPF;MACROH2A2;H3-4;TCF4;ASF1B;HMGB1;RAD51;CENPH;MYC;H2AX"
"GO:0000070",4.84967120969139e-15,5.66635584140342e-12,0.996986217533181,-0.563203807243858,-2.40939359802556,190,"DLGAP5;KIF18B;CDCA8;UBE2C;TTK;AURKB;BIRC5;KIFC1;SPC25;SPC24;CCNB1;MYBL2;ZWINT;CDC20;NDC80;KIF23;TPX2;SKA3;CDK1;KNL1;ESPL1;CDCA5;NUF2;NEK2;NCAPG;PLK1;KIF15;NUSAP1;RIPOR2;BUB1B;SPAG5;KIF18A;BUB1;NCAPG2;SKA2;HASPIN;KIF22;RAN;UHRF1;CENPE;MZT1;KNSTRN;INCENP;KIF14;NCAPD2;CDT1;SPDL1;KIF2C;CENPI;PRC1;CENPF;TUBG1"
"GO:0000819",2.09647366049045e-13,2.0412665207642e-10,0.943632225232838,-0.504207150141284,-2.19855280765623,230,"DLGAP5;KIF18B;CDCA8;UBE2C;TTK;AURKB;BIRC5;KIFC1;SPC25;TOP2A;SPC24;CCNB1;MYBL2;ZWINT;CDC20;NDC80;KIF23;TPX2;SKA3;CDK1;KNL1;ESPL1;CDCA5;NUF2;NEK2;NCAPG;PLK1;KIF15;NUSAP1;RIPOR2;BUB1B;SPAG5;KIF18A;BUB1;NCAPG2;SKA2;HASPIN;KIF22;RAN;UHRF1;CENPE;MZT1;KNSTRN;INCENP;KIF14;TACC3;CDC6;NCAPD2;CDT1;SPDL1;KIF2C;CENPI;ANAPC1;RIOK2;PRC1;CENPF;TUBG1;NEK6;RACGAP1;BCL7A;HSPA1A;ACTB;TRIP13"
"GO:0140014",5.36360382408015e-13,4.47631050575374e-10,0.921426003494898,-0.477711658281797,-2.11855210567749,273,"TGFA;DLGAP5;KIF18B;CDCA8;EDN1;UBE2C;CDC25C;TTK;MKI67;AURKB;BIRC5;KIFC1;SPC25;SPC24;CCNB1;MYBL2;ZWINT;CDC20;NDC80;NFIB;KIF23;TPX2;AURKA;SKA3;CDK1;KNL1;ESPL1;CDCA5;NUF2;NEK2;NCAPG;PLK1;KIF15;NUSAP1;RIPOR2;BUB1B;ANLN;SPAG5;KIF18A;BUB1;NCAPG2;SKA2;CDCA2;HASPIN;KIF22;RAN;UHRF1;KIF20B;CENPE;BORA;MZT1;REEP4;PKMYT1;KNSTRN;INCENP;KIF14;CHEK1;NCAPD2;OBSL1;CDT1;SPDL1;KIF2C;TOM1L1;CENPI"
"GO:0051310",5.82539416686501e-12,3.78132808031393e-09,0.887074988399873,-0.629458424985158,-2.47690695936218,100,"CDCA8;TTK;AURKB;BIRC5;KIFC1;SPC25;SPC24;CCNB1;ZWINT;NDC80;SKA3;CDK1;KNL1;CDCA5;NUF2;NEK2;SGO1;ECT2;SPAG5;KIF18A;DSN1;FAM83D;SKA2;KIF22;CENPE;KNSTRN;INCENP;KIF14;CDT1;SPDL1;KIF2C;CENPF;DYNC1H1;RACGAP1"
"GO:0098813",5.54037756282023e-12,3.78132808031393e-09,0.887074988399873,-0.445883625668682,-2.00375798823186,307,"DLGAP5;KIF18B;CDCA8;UBE2C;TTK;AURKB;BIRC5;KIFC1;SPC25;TOP2A;SPC24;CCNB1;MYBL2;ZWINT;CDC20;NDC80;ASPM;KIF23;TPX2;AURKA;SKA3;CDK1;KNL1;ESPL1;CDCA5;FANCD2;NUF2;NEK2;NCAPG;PLK1;KIF15;NUSAP1;SGO1;PTTG1;ECT2;RIPOR2;BUB1B;SPAG5;KIF18A;DSN1;FAM83D;BUB1;NCAPG2;SKA2;HASPIN;KIF22;RAN;UHRF1;CENPE;CCNB2;MZT1;RNF212B;KNSTRN;INCENP;KIF14;TACC3;CDC6;NCAPD2;CDT1;SPDL1;KIF2C;CENPI;ANAPC1;BRIP1;RIOK2;PRC1;CENPF;TUBG1;DYNC1H1;NEK6;RACGAP1;MLH3;BCL7A;HSPA1A;ACTB;TRIP13;SHOC1;MAD2L1"
"GO:0007051",1.44423533239424e-11,8.43722281184717e-09,0.875325132024659,-0.503609077054253,-2.15889816645001,198,"DLGAP5;CDCA8;TTK;AURKB;BIRC5;KIFC1;SPC25;CCNB1;MYBL2;CDC20;NDC80;ASPM;KIF23;TPX2;AURKA;SKA3;ESPL1;NUF2;NEK2;PLK1;KIF15;AUNIP;CENPJ;GNAI1;RIPOR2;SPAG5;WDR62;HAUS4;SKA2;RAN;UHRF1;CENPE;PLK2;BORA;CCNB2;MZT1;HAUS8;KNSTRN;GPSM2;INCENP;TACC3;TUBGCP3;SUGT1;SPATA17;PRC1;TUBG1;TUBB;PKD1;DYNC1H1;NEK6;RACGAP1;CEP126;MYH9"
"GO:0051304",2.91779929928252e-11,1.54961668240077e-08,0.851339057116899,-0.64405317144916,-2.45191805727734,82,"DLGAP5;CDCA8;UBE2C;TTK;AURKB;BIRC5;SPC25;SPC24;CCNB1;ZWINT;CDC20;NDC80;SKA3;KNL1;ESPL1;NUF2;NCAPG;PLK1;BUB1B;BUB1;NCAPG2;HASPIN;SMARCAD1;INCENP;NCAPD2;SPDL1;CENPF;CENATAC;PLSCR1;TRIP13;MAD2L1"
"GO:0008608",5.66281283752234e-11,2.45682550572573e-08,0.851339057116899,-0.717312340147969,-2.51830000093688,54,"CDCA8;AURKB;BIRC5;SPC25;SPC24;CCNB1;NDC80;SKA3;CDK1;KNL1;NUF2;NEK2;SGO1;ECT2;SPAG5;DSN1;SKA2;CENPE;KNSTRN;INCENP;CDT1;KIF2C"
"GO:0010965",5.88763387198909e-11,2.45682550572573e-08,0.839088935621274,-0.696009056878211,-2.49993768116345,61,"DLGAP5;CDCA8;UBE2C;TTK;AURKB;BIRC5;SPC25;SPC24;CCNB1;ZWINT;CDC20;NDC80;SKA3;KNL1;ESPL1;NUF2;PLK1;BUB1B;BUB1;HASPIN"
"GO:0051306",5.81331949101131e-11,2.45682550572573e-08,0.851339057116899,-0.685271621650693,-2.49152503120488,64,"DLGAP5;CDCA8;UBE2C;TTK;AURKB;BIRC5;SPC25;SPC24;CCNB1;ZWINT;CDC20;NDC80;SKA3;KNL1;ESPL1;NUF2;PLK1;BUB1B;BUB1;HASPIN"
"GO:0050000",7.77101707381456e-11,3.02655211634831e-08,0.839088935621274,-0.580286038491198,-2.33612875775977,118,"DLGAP5;CDCA8;TTK;AURKB;BIRC5;KIFC1;SPC25;SPC24;CCNB1;ZWINT;NDC80;SKA3;CDK1;KNL1;CDCA5;NUF2;NEK2;SGO1;ECT2;SPAG5;KIF18A;DSN1;FAM83D;SKA2;KIF22;CENPE;KNSTRN;INCENP;KIF14;CDT1;SPDL1;KIF2C"
"GO:0071459",8.34888641341364e-11,3.04838715169765e-08,0.839088935621274,-0.772913367194677,-2.54055058174045,39,"H2AC4;H4C1;H4C5;H4C3;H4C4;H2AC8;TTK;AURKB;H4C2;H4C16;H4C8;CDK1;KNL1;BUB1B;H4C6;CENPA;HASPIN;H4C14;H4C9;SPDL1;H4C15"
"GO:0007080",9.74046634703716e-11,3.34728261172889e-08,0.839088935621274,-0.69131542678855,-2.48307901731903,61,"CDCA8;TTK;AURKB;BIRC5;KIFC1;CCNB1;NDC80;SKA3;CDK1;CDCA5;NUF2;KIF18A;SKA2;KIF22;CENPE;INCENP;KIF14;CDT1;SPDL1;KIF2C"
"GO:1902850",1.90160628752904e-10,6.17176885096925e-08,0.826657301178302,-0.523941871803017,-2.19936354038725,161,"DLGAP5;CDCA8;TTK;AURKB;BIRC5;KIFC1;SPC25;CCNB1;MYBL2;CDC20;NDC80;KIF23;TPX2;AURKA;CDK1;ESPL1;NUF2;NEK2;PLK1;KIF15;NUSAP1;CENPJ;GNAI1;RIPOR2;WDR62;CENPA;RAN;UHRF1;CENPE;PLK2;BORA;MZT1;GPSM2;INCENP;TACC3;SPDL1;PRC1;TUBG1;PKD1;DYNC1H1;NEK6;RACGAP1;CEP126;HSPA1A;CENPH;MAD2L1"
"GO:0051303",2.0419420451513e-10,6.27843443567046e-08,0.826657301178302,-0.586521111587973,-2.34283998968349,110,"CDCA8;TTK;AURKB;BIRC5;KIFC1;SPC25;SPC24;CCNB1;ZWINT;NDC80;SKA3;CDK1;KNL1;CDCA5;NUF2;NEK2;SGO1;ECT2;SPAG5;KIF18A;DSN1;FAM83D;SKA2;KIF22;CENPE;KNSTRN;INCENP;KIF14;CDT1;SPDL1;KIF2C;CENPF;DYNC1H1;RACGAP1"
"GO:1905818",2.36593836269411e-10,6.9109059574295e-08,0.814035837847908,-0.650697543804422,-2.43506215967516,75,"DLGAP5;CDCA8;UBE2C;TTK;AURKB;BIRC5;SPC25;SPC24;CCNB1;ZWINT;CDC20;NDC80;SKA3;KNL1;ESPL1;NUF2;NCAPG;PLK1;BUB1B;BUB1;NCAPG2;HASPIN;INCENP;NCAPD2;SPDL1"
"GO:1901990",5.05691311382372e-10,1.40678506718848e-07,0.801215574617779,-0.419862488761638,-1.89790048093468,326,"DDR2;DLGAP5;RRM2;CDCA8;UBE2C;CDC25C;GTSE1;TTK;AURKB;BIRC5;SPC25;SPC24;E2F7;CCNB1;ZWINT;CDC20;NDC80;DACT1;CCL2;AURKA;SKA3;CDK1;KNL1;ESPL1;CDCA5;NUF2;PLK1;DTL;CDK6;ANXA1;CENPJ;BUB1B;ANLN;PKD2;BUB1;PLCB1;HASPIN;NBN;CDC25A;PRKDC;DBF4B;CENPE;PLK2;KCNH5;RNASEH2B;MIR221;MIR222;TICRR;PKMYT1;BRCA1;CDK2;TFAP4;EGFR;BARD1;INCENP;KIF14;CHEK1;JADE1;CDC6;SPDL1;CDKN2D;CCNH;PRMT2;KANK2;RIOK2;CENPF;ERCC2;PKD1;NEK6;RAD50;SLFN11;PBX1;BCL7A;ACTB;TRIP13;MAD2L1;BABAM2;CCND1;TFDP1;CDC25B;DPF2;RDX;EZH2;FBXO5;RFWD3;PTPN6;RPS27L;DLG1;ETAA1"
"GO:0050911",6.26992874695191e-10,1.66495107907696e-07,0.801215574617779,0.708756429998393,2.2837188484259,65,"OR2A7;OR2A1;OR14J1;OR2J1;OR2A42;OR2J3;OR2J2;OR51B5;OR2AG2;OR51I1;OR51M1;OR12D2;OR5V1;OR2B3;OR1L1;OR11H7;CNGB1;OR11H4;OR13D1;OR6V1;OR1L3;OR1L8;OR2A4;OR2B6;OR2B2;OR1L4;OR6X1;OR2W6P;OR1L6;OR5C1;OR9A2;OR2AT4;OR2C1;OR52I2;OR1K1;OR51I2;OR52I1"
"GO:0007052",6.65497287488484e-10,1.69036311022075e-07,0.801215574617779,-0.545561157392395,-2.23386398587942,131,"DLGAP5;CDCA8;TTK;AURKB;BIRC5;KIFC1;SPC25;CCNB1;MYBL2;CDC20;NDC80;KIF23;TPX2;AURKA;NUF2;NEK2;PLK1;KIF15;CENPJ;GNAI1;RIPOR2;WDR62;RAN;UHRF1;CENPE;PLK2;BORA;MZT1;GPSM2;INCENP;TACC3;PRC1;TUBG1;PKD1;DYNC1H1;NEK6;RACGAP1;CEP126;HSPA1A;CENPH"
"GO:0000075",1.24177425253569e-09,3.02268549304729e-07,0.788186810800237,-0.474075129227858,-2.034669090554,199,"CDCA8;GTSE1;TTK;BRCA2;AURKB;BIRC5;SPC25;SPC24;E2F7;CCNB1;ZWINT;CDC20;NDC80;SKA3;CDK1;KNL1;FANCD2;NUF2;PLK1;DTL;BUB1B;FBXO4;UFL1;CDC45;BUB1;HASPIN;NBN;PRKDC;PLK2;RNASEH2B;TICRR;BRCA1;CDK2;BARD1;INCENP;CHEK1;CDC6;STK33;CDT1;SPDL1;RHNO1;BRIP1;WDR76;CENPF;RAD50;RAD51;TRIP13;H2AX;MAD2L1;BABAM2;CCND1;EIF2AK4;RFWD3;CRY1;RPS27L;ETAA1;MAD1L1;PABIR1;APC;XPC"
"GO:0031577",1.39373518640509e-09,3.2568803835914e-07,0.788186810800237,-0.707912606684582,-2.4484250596258,49,"CDCA8;TTK;AURKB;BIRC5;SPC25;SPC24;CCNB1;ZWINT;CDC20;NDC80;SKA3;KNL1;NUF2;PLK1;BUB1B;BUB1;HASPIN;INCENP;SPDL1;CENPF"
"GO:0045109",2.19503467881789e-09,4.93207407448235e-07,0.774939030136436,0.741150362735091,2.26935361795849,48,"KRT14;KRT17;KRT6A;KRT9;KRT35;KRT16;KRT75;KRT32;KRT19;KRT36;KRT5;KRT37;KRT38;KRT15;KRT31;KRT39;KRT13;DES"
"GO:0033047",3.79792330665499e-09,7.69265761355046e-07,0.761460801445585,-0.675404022138838,-2.39981965072209,57,"CDCA8;TTK;AURKB;BIRC5;SPC25;SPC24;CCNB1;ZWINT;CDC20;NDC80;SKA3;CDK1;KNL1;NUF2;PLK1;BUB1B;BUB1;HASPIN"
"GO:0034502",3.81867632305654e-09,7.69265761355046e-07,0.761460801445585,-0.54514870715129,-2.21315814798296,123,"H2AC4;H4C1;H1-5;H4C5;H4C3;H4C4;H2AC8;TTK;BRCA2;AURKB;H4C2;H4C16;H4C8;CDK1;KNL1;PLK1;BUB1B;H4C6;CENPA;HASPIN;NBN;H4C14;H4C9;APLF;SPDL1;SLF2;RHNO1;MMS22L;H4C15;MACROH2A2;FAM47E;ESCO2;H2AX;EZH2;SMC5;VRK1;GNL3L;ESR1;CCT6A;RB1;XRCC5;PML;MDC1"
"GO:0051983",3.8181294692484e-09,7.69265761355046e-07,0.761460801445585,-0.529042909335266,-2.1623109394806,130,"DLGAP5;CDCA8;UBE2C;TTK;MKI67;AURKB;BIRC5;SPC25;SPC24;CCNB1;ZWINT;CDC20;NDC80;SKA3;CDK1;KNL1;ESPL1;NUF2;NCAPG;PLK1;BUB1B;BUB1;NCAPG2;CDCA2;HASPIN;CENPE;INCENP;TACC3;CDC6;NCAPD2;SPDL1;KIF2C;ANAPC1;RIOK2;CENPF;NEK6;PLSCR1;BCL7A;ACTB;TRIP13;MAD2L1;DPF2;FBXO5;SMC5;MAD1L1;APC;RB1;PHF10;XRCC3"
"GO:0045103",4.22353682060782e-09,8.2246340353303e-07,0.761460801445585,0.681885103885192,2.22071371127629,69,"KRT14;KRT17;KRT6A;KRT9;KRT35;KRT16;KRT75;KRT32;KRT19;KRT36;KRT5;KRT37;KRT38;KRT15;KRT31;KRT39;KRT13;DES;KRT85;KRT20;SHH;ATP8A2;TCHH;PPL;KRT12;FAM83H;NEFM;KRT23"
"GO:0045104",5.20497694956167e-09,9.80886301269009e-07,0.761460801445585,0.687356711148059,2.23452521637042,68,"KRT14;KRT17;KRT6A;KRT9;KRT35;KRT16;KRT75;KRT32;KRT19;KRT36;KRT5;KRT37;KRT38;KRT15;KRT31;KRT39;KRT13;DES;KRT85;KRT20;SHH;ATP8A2;TCHH;PPL;KRT12;FAM83H;NEFM;KRT23"
"GO:0007094",6.2962651684699e-09,1.05093660326289e-06,0.761460801445585,-0.708816445695423,-2.44054943976416,48,"CDCA8;TTK;AURKB;BIRC5;SPC25;SPC24;CCNB1;ZWINT;CDC20;NDC80;SKA3;KNL1;NUF2;PLK1;BUB1B;BUB1;HASPIN;INCENP;SPDL1;CENPF"
"GO:0050907",5.94770183614237e-09,1.05093660326289e-06,0.761460801445585,0.625012150312802,2.1397897358326,98,"OR2A7;OR2A1;OR14J1;OR2J1;OR2A42;OR2J3;OR2J2;OR51B5;OR2AG2;OR51I1;OR51M1;RTP2;OR12D2;OR5V1;TAS2R39;PLCB2;OR2B3;OR1L1;OR11H7;CNGB1;OR11H4;OR13D1;OR6V1;OR1L3;OR1L8;OR2A4;OR2B6;OR2B2;OR1L4;OR6X1;OR2W6P;PIP;OR1L6;OR5C1;TAS1R1;OR9A2;OR2AT4;OR2C1;OR52I2;GNAT1;OR1K1;OR51I2;OR52I1;TAS1R2;OR5B12;TRPV1;OR13J1;OR1B1;OR9A4;PIGR;TAS2R40;TAS2R9;OR52K1"
"GO:0071173",6.2962651684699e-09,1.05093660326289e-06,0.761460801445585,-0.708816445695423,-2.44054943976416,48,"CDCA8;TTK;AURKB;BIRC5;SPC25;SPC24;CCNB1;ZWINT;CDC20;NDC80;SKA3;KNL1;NUF2;PLK1;BUB1B;BUB1;HASPIN;INCENP;SPDL1;CENPF"
"GO:0071174",6.2962651684699e-09,1.05093660326289e-06,0.761460801445585,-0.708816445695423,-2.44054943976416,48,"CDCA8;TTK;AURKB;BIRC5;SPC25;SPC24;CCNB1;ZWINT;CDC20;NDC80;SKA3;KNL1;NUF2;PLK1;BUB1B;BUB1;HASPIN;INCENP;SPDL1;CENPF"
"GO:2001251",6.70291577790681e-09,1.08773427707032e-06,0.761460801445585,-0.577136328081439,-2.26249631001087,98,"CDCA8;TTK;AURKB;BIRC5;SPC25;TOP2A;SPC24;CCNB1;ZWINT;CDC20;NDC80;SKA3;KNL1;ESPL1;NUF2;PLK1;PIF1;BUB1B;BUB1;HASPIN;NBN;INCENP;XRCC1;SPDL1;CENPF;RAD50;TRIP13;MAD2L1;STN1;FBXO5;MAD1L1;APC;GNL3L"
"GO:0010948",1.07304902013749e-08,1.41669343403761e-06,0.747739663149885,-0.408340682442539,-1.82711807278104,296,"CDCA8;GTSE1;TTK;BRCA2;AURKB;BIRC5;SPC25;SPC24;E2F7;CCNB1;ZWINT;CDC20;NDC80;DACT1;TMSB4X;CCL2;SKA3;CDK1;KNL1;ESPL1;FANCD2;NUF2;NEK2;E2F8;PLK1;DTL;BUB1B;FBXO4;PKD2;UFL1;CDC45;BUB1;HASPIN;NBN;PRKDC;PLK2;RNASEH2B;TICRR;PKMYT1;BRCA1;CDK2;BARD1;INCENP;MDM1;CHEK1;JADE1;CDC6;STK33;CDT1;SPDL1;TOM1L1;RHNO1;BRIP1;CDKN2D;PRMT2;KANK2;WDR76;CENPF;RBM14;RAD50;SLFN11;CENATAC;RAD51;TRIP13;H2AX;MAD2L1;BABAM2;CCND1;EIF2AK4;LIF;EZH2;FBXO5;RFWD3;CRY1;RPS27L;DLG1;ETAA1;MAD1L1;PABIR1;APC;CCNF;XPC;MYO16;GPR132;RB1;APBB2"
"GO:0030071",1.07672509209377e-08,1.41669343403761e-06,0.747739663149885,-0.575470245574478,-2.22870094361891,92,"DLGAP5;CDCA8;UBE2C;TTK;AURKB;BIRC5;SPC25;SPC24;CCNB1;ZWINT;CDC20;NDC80;SKA3;KNL1;ESPL1;NUF2;PLK1;BUB1B;BUB1;HASPIN;CENPE;INCENP;CDC6;SPDL1;RIOK2;CENPF;NEK6;BCL7A;ACTB;TRIP13;MAD2L1;DPF2;FBXO5;MAD1L1;APC;RB1;PHF10;XRCC3"
"GO:0033046",1.1397567853435e-08,1.41669343403761e-06,0.747739663149885,-0.693374344813911,-2.40223905557193,50,"CDCA8;TTK;AURKB;BIRC5;SPC25;SPC24;CCNB1;ZWINT;CDC20;NDC80;SKA3;KNL1;NUF2;PLK1;BUB1B;BUB1;HASPIN;INCENP;SPDL1;CENPF;TRIP13;MAD2L1;FBXO5;MAD1L1;APC"
"GO:0033048",1.1397567853435e-08,1.41669343403761e-06,0.747739663149885,-0.693374344813911,-2.40223905557193,50,"CDCA8;TTK;AURKB;BIRC5;SPC25;SPC24;CCNB1;ZWINT;CDC20;NDC80;SKA3;KNL1;NUF2;PLK1;BUB1B;BUB1;HASPIN;INCENP;SPDL1;CENPF;TRIP13;MAD2L1;FBXO5;MAD1L1;APC"
"GO:0045841",1.1397567853435e-08,1.41669343403761e-06,0.747739663149885,-0.693374344813911,-2.40223905557193,50,"CDCA8;TTK;AURKB;BIRC5;SPC25;SPC24;CCNB1;ZWINT;CDC20;NDC80;SKA3;KNL1;NUF2;PLK1;BUB1B;BUB1;HASPIN;INCENP;SPDL1;CENPF;TRIP13;MAD2L1;FBXO5;MAD1L1;APC"
"GO:0051985",9.53534850101321e-09,1.41669343403761e-06,0.747739663149885,-0.691078765023794,-2.40838007973078,52,"CDCA8;TTK;AURKB;BIRC5;SPC25;SPC24;CCNB1;ZWINT;CDC20;NDC80;SKA3;KNL1;NUF2;PLK1;BUB1B;BUB1;HASPIN;INCENP;SPDL1;CENPF;TRIP13;MAD2L1;FBXO5;MAD1L1;APC"
"GO:0071168",9.93427113068943e-09,1.41669343403761e-06,0.747739663149885,-0.667828041582477,-2.38183037986941,58,"H2AC4;H4C1;H1-5;H4C5;H4C3;H4C4;H2AC8;H4C2;H4C16;H4C8;PLK1;H4C6;CENPA;H4C14;H4C9;APLF;MMS22L;H4C15;MACROH2A2;FAM47E;ESCO2"
"GO:1901988",9.84846638252306e-09,1.41669343403761e-06,0.747739663149885,-0.427810021801347,-1.8850393865839,257,"CDCA8;GTSE1;TTK;BRCA2;AURKB;BIRC5;SPC25;SPC24;E2F7;CCNB1;ZWINT;CDC20;NDC80;DACT1;TMSB4X;CCL2;SKA3;CDK1;KNL1;FANCD2;NUF2;PLK1;DTL;BUB1B;FBXO4;PKD2;UFL1;CDC45;BUB1;HASPIN;NBN;PRKDC;PLK2;RNASEH2B;TICRR;PKMYT1;BRCA1;CDK2;BARD1;INCENP;CHEK1;JADE1;CDC6;STK33;CDT1;SPDL1;RHNO1;BRIP1;CDKN2D;PRMT2;KANK2;WDR76;CENPF;RAD50;SLFN11;RAD51;TRIP13;H2AX;MAD2L1;BABAM2;CCND1;EIF2AK4;EZH2;FBXO5;RFWD3;CRY1;RPS27L;DLG1;ETAA1;MAD1L1;PABIR1;APC;XPC;MYO16;GPR132;RB1;APBB2;XRCC3;ZFP36L2;PML;MDC1;EME1;TIPIN"
"GO:1902100",1.06542196643032e-08,1.41669343403761e-06,0.747739663149885,-0.692426178762198,-2.41004943348947,51,"CDCA8;TTK;AURKB;BIRC5;SPC25;SPC24;CCNB1;ZWINT;CDC20;NDC80;SKA3;KNL1;NUF2;PLK1;BUB1B;BUB1;HASPIN;INCENP;SPDL1;CENPF;TRIP13;MAD2L1;FBXO5;MAD1L1;APC"
"GO:1905819",1.06542196643032e-08,1.41669343403761e-06,0.747739663149885,-0.692426178762198,-2.41004943348947,51,"CDCA8;TTK;AURKB;BIRC5;SPC25;SPC24;CCNB1;ZWINT;CDC20;NDC80;SKA3;KNL1;NUF2;PLK1;BUB1B;BUB1;HASPIN;INCENP;SPDL1;CENPF;TRIP13;MAD2L1;FBXO5;MAD1L1;APC"
"GO:2000816",1.1397567853435e-08,1.41669343403761e-06,0.747739663149885,-0.693374344813911,-2.40223905557193,50,"CDCA8;TTK;AURKB;BIRC5;SPC25;SPC24;CCNB1;ZWINT;CDC20;NDC80;SKA3;KNL1;NUF2;PLK1;BUB1B;BUB1;HASPIN;INCENP;SPDL1;CENPF;TRIP13;MAD2L1;FBXO5;MAD1L1;APC"
"GO:0033045",1.78029401232526e-08,2.16676617083421e-06,0.73376198835648,-0.545746718951205,-2.16626949659771,106,"DLGAP5;CDCA8;UBE2C;TTK;AURKB;BIRC5;SPC25;SPC24;CCNB1;ZWINT;CDC20;NDC80;SKA3;CDK1;KNL1;ESPL1;NUF2;PLK1;BUB1B;BUB1;HASPIN;CENPE;INCENP;TACC3;CDC6;SPDL1;ANAPC1;RIOK2;CENPF;NEK6;BCL7A;ACTB;TRIP13;MAD2L1;DPF2;FBXO5"
"GO:0007091",1.91426149957572e-08,2.26160456502835e-06,0.73376198835648,-0.576492657773868,-2.24955061049651,96,"DLGAP5;CDCA8;UBE2C;TTK;AURKB;BIRC5;SPC25;SPC24;CCNB1;ZWINT;CDC20;NDC80;SKA3;KNL1;ESPL1;NUF2;PLK1;BUB1B;BUB1;HASPIN;CENPE;INCENP;TACC3;CDC6;SPDL1;ANAPC1;RIOK2;CENPF;NEK6;BCL7A;ACTB;TRIP13;MAD2L1;DPF2;FBXO5;MAD1L1;APC;RB1;PHF10;XRCC3"
"GO:0032200",1.93564238704926e-08,2.26160456502835e-06,0.73376198835648,-0.466294063273606,-1.98444625238968,186,"H3C3;H3C7;H3C2;H4C1;H4C5;H3C11;H3C8;H4C3;H4C4;H3C1;BRCA2;AURKB;H4C2;H4C16;H4C8;H3C10;NEK2;PIF1;EXO1;FBXO4;H4C6;NBN;PRKDC;H4C14;NAF1;H4C9;CDK2;FEN1;XRCC1;SLF2"
"GO:0007093",4.20354300442265e-08,4.81511730036021e-06,0.719512826338911,-0.490678876347872,-2.0343013245588,148,"CDCA8;GTSE1;TTK;AURKB;BIRC5;SPC25;SPC24;E2F7;CCNB1;ZWINT;CDC20;NDC80;SKA3;CDK1;KNL1;FANCD2;NUF2;PLK1;DTL;BUB1B;BUB1;HASPIN;NBN;PRKDC;PLK2;TICRR;BRCA1;CDK2;BARD1;INCENP;CHEK1;CDC6;STK33;SPDL1"
"GO:0044784",4.34720615202699e-08,4.88391891156571e-06,0.719512826338911,-0.555536237928239,-2.17781939419451,98,"DLGAP5;CDCA8;UBE2C;TTK;AURKB;BIRC5;SPC25;SPC24;CCNB1;ZWINT;CDC20;NDC80;SKA3;KNL1;ESPL1;NUF2;PLK1;BUB1B;BUB1;HASPIN;CENPE;INCENP;TACC3;CDC6;SPDL1;ANAPC1;RIOK2;CENPF;NEK6;BCL7A;ACTB;TRIP13;MAD2L1;DPF2;FBXO5;MAD1L1;APC;RB1;PHF10;XRCC3"
"GO:1902099",5.2355865870001e-08,5.7709994040103e-06,0.719512826338911,-0.553839181166162,-2.15452165110758,94,"DLGAP5;CDCA8;UBE2C;TTK;AURKB;BIRC5;SPC25;SPC24;CCNB1;ZWINT;CDC20;NDC80;SKA3;KNL1;ESPL1;NUF2;PLK1;BUB1B;BUB1;HASPIN;CENPE;INCENP;CDC6;SPDL1;RIOK2;CENPF;NEK6;BCL7A;ACTB;TRIP13;MAD2L1;DPF2;FBXO5;MAD1L1;APC;RB1;PHF10;XRCC3"
"GO:0007088",5.77067354188254e-08,6.24301385771811e-06,0.719512826338911,-0.520790275014968,-2.09408912098044,117,"TGFA;DLGAP5;CDCA8;EDN1;UBE2C;CDC25C;TTK;MKI67;AURKB;BIRC5;SPC25;SPC24;CCNB1;ZWINT;CDC20;NDC80;AURKA;SKA3;KNL1;ESPL1;NUF2;NEK2;PLK1;NUSAP1;BUB1B;BUB1;CDCA2;HASPIN;KIF20B;BORA;PKMYT1;INCENP;CHEK1;OBSL1;SPDL1;TOM1L1"
"GO:0030261",8.16311160538439e-08,8.67070872702829e-06,0.704975715167238,-0.702556907975246,-2.33558719690928,41,"H1-0;H1-5;H1-3;TOP2A;H1-2;CDK1;CDCA5;H1-4;NCAPG;PLK1;NUSAP1;NCAPG2;NCAPD2;H1-10"
"GO:0031424",8.85223533981147e-08,9.23477836699618e-06,0.704975715167238,0.782025692665952,2.20965160877948,31,"KRT17;KRT6A;KRT16;KRT75;KRT5;SFN;CDH3;CERS3;CYP26B1;KRT85;CNFN;TCHH;PPL"
"GO:0061644",9.32282419887478e-08,9.55507701225026e-06,0.704975715167238,-0.870374053994236,-2.31269731821794,16,"H2AC4;H4C1;H4C5;H4C3;H4C4;H2AC8;H4C2;H4C16;H4C8;H4C6;CENPA;H4C14;H4C9"
"GO:1901991",1.21313211252438e-07,1.22191686230473e-05,0.690132458796796,-0.453794067096419,-1.92585284812887,181,"CDCA8;GTSE1;TTK;AURKB;BIRC5;SPC25;SPC24;E2F7;CCNB1;ZWINT;CDC20;NDC80;DACT1;CCL2;SKA3;CDK1;KNL1;NUF2;PLK1;DTL;BUB1B;PKD2;BUB1;HASPIN;NBN;PRKDC;PLK2;TICRR;PKMYT1;BRCA1;CDK2;BARD1;INCENP;CHEK1;JADE1;CDC6;SPDL1;PRMT2;KANK2;CENPF;RAD50;SLFN11;TRIP13;MAD2L1;BABAM2;CCND1;EZH2;FBXO5;RFWD3;RPS27L;DLG1;ETAA1;MAD1L1;PABIR1;APC;MYO16;GPR132;RB1"
"GO:0045839",3.08765002706183e-07,3.05729685730427e-05,0.674962860011025,-0.627937865804847,-2.23956077360916,58,"CDCA8;TTK;AURKB;BIRC5;SPC25;SPC24;CCNB1;ZWINT;CDC20;NDC80;SKA3;KNL1;NUF2;PLK1;BUB1B;BUB1;HASPIN;INCENP;CHEK1;SPDL1;TOM1L1"
"GO:0051315",3.7947163185237e-07,3.69478878880257e-05,0.674962860011025,-0.774347158789632,-2.32778417683323,26,"CDCA8;AURKB;BIRC5;NDC80;SKA3;CDK1;NUF2;SKA2;CENPE;INCENP;CDT1;KIF2C"
"GO:0033044",4.68909505316538e-07,4.49076939353969e-05,0.674962860011025,-0.391579265280394,-1.7208710099379,253,"DLGAP5;CDCA8;UBE2C;TTK;AURKB;BIRC5;SPC25;TOP2A;SPC24;CCNB1;ZWINT;CDC20;NDC80;SKA3;CDK1;KNL1;ESPL1;NUF2;NEK2;NCAPG;PLK1;PIF1;BUB1B;FBXO4;BUB1;NCAPG2;HASPIN;NBN;CENPE;NAF1;CDK2;INCENP;FEN1;TACC3;CDC6;XRCC1;NCAPD2;SPDL1;SLF2;ANAPC1;RIOK2;CENPF;NEK6;RAD50;BCL7A;ACTB;TRIP13;MYC;HSP90AA1;MAD2L1;DPF2;STN1;FBXO5;NSMCE3;SMC5;CENPV;LIG4;MAD1L1;MAPK1;APC;GNL3L;CCT6A;RB1;PHF10;XRCC3;XRCC5;PML;LMNA;HNRNPU;USP7;HNRNPD;ATF7IP;CTNNB1;HNRNPA1;SMARCA5;KNTC1;SMARCD3;ACTR8;ATM;CDC27;SENP6;BAZ1B;TRIM28;KLHL22;TERF1;NABP2"
"GO:1901976",5.28275250940701e-07,4.97771615483157e-05,0.659444398037935,-0.658603468382835,-2.25635325978133,47,"CDCA8;BRCA2;AURKB;BIRC5;CCNB1;ZWINT;NDC80;SKA3;KNL1;FBXO4;RNASEH2B;BRCA1;BARD1;INCENP;WDR76;RAD51;MAD2L1;BABAM2;RFWD3;CRY1;ETAA1;MAD1L1"
"GO:1901970",1.17120475829705e-06,0.000108606003142402,0.643551836150722,-0.801341457244126,-2.24911971289073,20,"DLGAP5;CDCA8;UBE2C;AURKB;BIRC5;CDC20;SKA3;ESPL1"
"GO:0051225",2.42164307859079e-06,0.000221050607267615,0.627256739718528,-0.471240377875721,-1.92268084743891,129,"CDCA8;AURKB;BIRC5;KIFC1;MYBL2;CDC20;NDC80;ASPM;KIF23;TPX2;AURKA;SKA3;NEK2;PLK1;KIF15;CENPJ;RIPOR2;SPAG5;HAUS4;SKA2;UHRF1;CCNB2;MZT1;HAUS8;GPSM2;INCENP;TUBGCP3;PRC1;TUBB;DYNC1H1;NEK6;RACGAP1"
"GO:0007098",2.6043211080772e-06,0.000234068367898262,0.627256739718528,-0.452020223357428,-1.85863358828151,137,"BRCA2;NDC80;C10orf90;AURKA;CDK1;TUBE1;NEK2;KIF3A;PLK1;KIF15;SGO1;CENPJ;PLK4;PCLAF;PKD2;WDR62;HAUS4;CEP295;PLK2;CEP295NL;HAUS8;BRCA1;CDK2;MDM1;CHEK1;PPP1R12A;RBM14;CHORDC1;CCDC102B;CCNL1;CENATAC;SLC16A1;XRCC2;CEP120;PARD6B;CEP135;CCNF;CNTLN;XRCC3;CEP131;NDE1;HAUS7;CEP68;HAUS3;CTNNB1;UBXN2B;RTTN;TRIM37;FBXW5;PDCD6IP;STIL;ITGB1BP2;CEP250;ODF2;CEP152;KAT2B;CDK5RAP2;ARHGEF10"
"GO:0090068",2.98634995796104e-06,0.000264337219006188,0.627256739718528,-0.390286635609163,-1.71262121718813,244,"DDR2;TGFA;DLGAP5;RRM2;CDCA8;EDN1;UBE2C;CDC25C;AURKB;BIRC5;E2F7;CCNB1;CDC20;NDC80;KIF23;RAD51AP1;AURKA;SKA3;CDK1;KNL1;ESPL1;CDCA5;NCAPG;E2F8;DTL;NUSAP1;ANXA1;CENPJ;ECT2;PLK4;SPAG5;FAM83D;BUB1;NCAPG2;PLCB1;CDC25A;DBF4B;KIF20B;CEP295;MIR221;MIR222;DRD2;EGFR;GPSM2;INCENP;FEN1;KIF14;CDC6;NCAPD2;SLF2;RHNO1;DYRK3;DYNC1H1;RACGAP1;PBX1;PLSCR1;BTC;MAD2L1;CCND1;DBF4;TFDP1;CDC25B;RDX;EZH2;FBXO5;PHIP;PKP4;CEP120;SMC5;TAS2R13;CENPV;MAD1L1"
"GO:0051783",3.25508439032049e-06,0.000283823925496303,0.627256739718528,-0.454674429506997,-1.87227086245648,142,"TGFA;DLGAP5;CDCA8;EDN1;UBE2C;CDC25C;TTK;MKI67;AURKB;BIRC5;SPC25;SPC24;CCNB1;ZWINT;CDC20;NDC80;RAD51AP1;AURKA;SKA3;KNL1;ESPL1;NUF2;NEK2;PLK1;NUSAP1;BUB1B;BUB1;CDCA2;PLCB1;HASPIN;KIF20B;BORA;PKMYT1;INCENP;CHEK1;OBSL1;SPDL1;TOM1L1"
"GO:0000910",4.7688901679285e-06,0.000409703770015269,0.610526878385931,-0.413527800021514,-1.74995245440185,177,"IQGAP3;CDCA8;KIF20A;BRCA2;AURKB;BIRC5;E2F7;KIF23;AURKA;ESPL1;E2F8;PLK1;NUSAP1;ECT2;ANLN;SPTBN1;CENPA;KIF20B;DRD2;SNX33;INCENP;KLHL9;KIF14;CDC6;CKAP2;KIF13A;PRC1;RACGAP1;SNX18;MYH9;SEPTIN9;SEPTIN10;SNX9;EXOC5;ANK3;CDC25B;PKP4;TAS2R13;CENPV;ZNF365;SEPTIN1;APC;PLEC;CUL7;TMEM250;RASA1;SEPTIN7"
"GO:0045652",6.31378919585057e-06,0.000534567485248681,0.610526878385931,-0.674064373540105,-2.14486269111089,33,"H4C1;H4C5;H4C3;H4C4;H4C2;H4C16;H4C8;H4C6;HMGB2;H4C14;H4C9;LOX;FAXDC2;H4C15;MEF2C"
"GO:0040029",6.72908157565877e-06,0.000561589922357122,0.610526878385931,-0.368403663120841,-1.62987294176846,265,"H2AC4;H3C3;H3C7;H3C2;H1-0;H2AL3;H3C11;H3C8;H2AC16;H3C1;H2AC8;RNF2;H2AC13;ARB2A;H2AC21;H3C10;HELLS;PHF19;HDAC9;H2AC20;H2AC12;DPY30;CBX5;LMNB1;H2AP;UHRF1;DIRAS3;SMARCAD1;BRCA1;CDK2;WT1;CHEK1;TET1;FKBP6;H3C6;RBM14;GPX1;APOBEC3C;MACROH2A2;KLF2;H2AC15;H2AC18;ZDBF2;HIPK2;H2AZ2;FAM47E;MOV10L1;HMGB1;MYC;H2AX;APOBEC3F;H2AC11;EZH2;H2AZ1;H2AC25;KDM5A;CENPV;SCMH1;LMNB2;BAZ1A"
"GO:0051784",7.17820064509025e-06,0.00059063448124813,0.610526878385931,-0.564597254927418,-2.05467893833447,65,"CDCA8;TTK;AURKB;BIRC5;SPC25;SPC24;CCNB1;ZWINT;CDC20;NDC80;SKA3;KNL1;NUF2;PLK1;BUB1B;BUB1;HASPIN;INCENP;CHEK1;SPDL1;TOM1L1"
"GO:0045787",1.04390766620276e-05,0.000847015081382848,0.593325476396405,-0.352354334933812,-1.59274400459707,326,"DDR2;TGFA;DLGAP5;RRM2;CDCA8;EDN1;UBE2C;CDC25C;BRCA2;AURKB;BIRC5;YTHDC2;E2F7;CCNB1;CDC20;NDC80;KIF23;RAD51AP1;AURKA;SKA3;CDK1;KNL1;ESPL1;CDCA5;NCAPG;E2F8;DTL;NUSAP1;ANXA1;CENPJ;ECT2;PLK4;SPAG5;CITED2;FAM83D;BUB1;NCAPG2;PLCB1;CDC25A;DBF4B;KIF20B;CEP295;MIR221;MIR222;DRD2;EGFR;GPSM2;INCENP;DUSP3;FEN1;KIF14;CHEK1;CDC6;NCAPD2;NKX3-1;SLF2;CCPG1;RHNO1;DYRK3;SPDYE2;DYNC1H1;SPDYE16;RACGAP1;SPDYE6;SPDYE2B;SHB;PBX1;PLSCR1;BTC;RARA;MAD2L1;CCND1;DBF4;TFDP1;CDC25B;MIR26B;RDX;EZH2;FBXO5;PHIP;PKP4;ASNS;CEP120;SMC5;TAS2R13;CENPV;MAD1L1;NR2E1"
"GO:0006261",1.15602116923145e-05,0.000925133653513714,0.593325476396405,-0.42420838481636,-1.7787917311169,159,"BRCA2;E2F7;TK1;POLQ;E2F8;EXO1;MCM10;GINS1;CDC45;TRAIP;NBN;GINS2;DBF4B;NUCKS1;POLA2;TICRR;BRCA1;CDK2;BARD1;FEN1;SAMHD1;CDC6;CDT1;MCM6;MMS22L;DACH1;CDK2AP1;FAM111A;RFC2;POLD2;RAD50;SLFN11;RAD51;MCMBP;DBF4;FBXO5;RFWD3;ORC3;MCM4;ETAA1;FANCM;ZNF365;BAZ1A;POLD1;MCM7;CHTF8;CDC7;EME1;EXD2;TIPIN;CCNE1;GMNN;PURA;RRM1;RRM2B;RFC3;MCM3;DNA2;ENDOG;TERF1;TONSL;RFC1;POLRMT;PCNA;CCNE2"
"GO:0090231",1.27790274184925e-05,0.00100885240782207,0.593325476396405,-0.730604735436846,-2.15746778996498,24,"CDCA8;AURKB;BIRC5;CCNB1;ZWINT;NDC80;SKA3;KNL1"
"GO:0000281",1.41757065294165e-05,0.00107917465498601,0.593325476396405,-0.492918347333213,-1.90899111513912,92,"IQGAP3;CDCA8;KIF20A;AURKB;BIRC5;KIF23;ESPL1;PLK1;NUSAP1;ECT2;ANLN;SPTBN1;CENPA;KIF20B;SNX33;INCENP;CKAP2;RACGAP1;SNX18;SNX9;EXOC5;ANK3"
"GO:0045653",1.42790839917928e-05,0.00107917465498601,0.593325476396405,-0.80586096064761,-2.14127761965502,16,"H4C1;H4C5;H4C3;H4C4;H4C2;H4C16;H4C8;H4C6;H4C14;H4C9"
"GO:0045930",1.43499056540488e-05,0.00107917465498601,0.593325476396405,-0.38566568696061,-1.6772751617155,226,"CDCA8;GTSE1;TTK;AURKB;BIRC5;YTHDC2;SPC25;SPC24;E2F7;CCNB1;ZWINT;CDC20;NDC80;DACT1;CCL2;SKA3;CDK1;KNL1;FANCD2;NUF2;PLK1;DTL;BUB1B;PKD2;BUB1;HASPIN;NBN;PRKDC;PLK2;TICRR;PKMYT1;BRCA1;CDK2;EGFR;BARD1;INCENP;CHEK1;JADE1;CDC6;STK33;SPDL1;TOM1L1;PRMT2;KANK2;CENPF;RAD50;SLFN11;ANGEL2;TRIP13;MAD2L1;BABAM2;CCND1;EZH2;FBXO5;RFWD3;RPS27L;DLG1;ETAA1;MAD1L1;PABIR1;APC;XPC;MYO16;GPR132;RB1;XRCC3;ZFP36L2;PML;MDC1;EME1;TIPIN"
"GO:1901992",1.44086996044007e-05,0.00107917465498601,0.593325476396405,-0.500962602499932,-1.93649092744031,91,"DDR2;DLGAP5;RRM2;UBE2C;CDC25C;BIRC5;CCNB1;CDC20;SKA3;CDK1;ESPL1;CDCA5;DTL;ANXA1;CENPJ;PLCB1;CDC25A;DBF4B;MIR221;MIR222;EGFR;CDC6"
"GO:0006260",1.4614302738682e-05,0.00108071843796684,0.593325476396405,-0.367096310294678,-1.62467810130966,267,"BRCA2;E2F7;TK1;NFIB;CDK1;POLQ;E2F8;CCNA2;PIF1;DTL;NFIX;EXO1;MCM10;PCLAF;GINS1;POLI;CDC45;TRAIP;NBN;CDC25A;GINS2;DBF4B;NUCKS1;POLA2;FAM111B;TICRR;DHX9;BRCA1;CDK2;EGFR;BARD1;FEN1;CHEK1;DUT;SAMHD1;JADE1;CDC6;CDT1;NFIC;MCM6;MMS22L;DACH1;NAP1L1;CDK2AP1;FAM111A;RFC2;POLD2;RBMS1;RAD50;SLFN11;ESCO2;RAD51;MCMBP;JADE2;JADE3;DBF4;STN1;FBXO5;RFWD3;ORC3;MCM4;ETAA1;CHAF1A;FANCM;ZNF365;BAZ1A"
"GO:1905820",1.78444888404163e-05,0.0013030937975714,0.575610261071129,-0.679575957387704,-2.12442156349253,31,"DLGAP5;CDCA8;UBE2C;AURKB;BIRC5;CDC20;SKA3;ESPL1;NCAPG;NCAPG2;INCENP;NCAPD2"
"GO:0051988",1.86182457037931e-05,0.00134281223952543,0.575610261071129,-0.735853741231955,-2.14658612046237,23,"CDCA8;AURKB;BIRC5;CCNB1;CDK1;NEK2;ECT2;SPAG5;KNSTRN;INCENP"
"GO:0032465",2.03487828916348e-05,0.00144972670308452,0.575610261071129,-0.506350436788049,-1.93130689897226,84,"CDCA8;KIF20A;BRCA2;AURKB;BIRC5;E2F7;KIF23;AURKA;E2F8;PLK1;ECT2;KIF20B;DRD2;INCENP;KLHL9;KIF14;CDC6;KIF13A;PRC1;RACGAP1;CDC25B;PKP4;TAS2R13;CENPV"
"GO:0008037",2.49780255385886e-05,0.00175809186983656,0.575610261071129,0.508652374419946,1.79634978873879,124,"PRF1;CLEC7A;MYPN;ZP2;MEGF10;PAEP;CCR7;PECAM1;OPCML;CNTN6;FOLR3;PRSS55;SPON2;ADGRB1;CLEC4M;COLEC12;COLEC11;TNN;NTM;SEMA5A;LBP;TNFRSF21;C4B;HSPA1L;SFTPA1;CNTNAP2;EPHB1;FCGR1A;NCR3;CNTN2;GAP43;TEX101;FUT3;FREY1;CD6;DSCAML1"
"GO:0031023",2.82151042245859e-05,0.00196229332000037,0.575610261071129,-0.423386296430076,-1.75923503327516,150,"BRCA2;NDC80;C10orf90;AURKA;CDK1;TUBE1;NEK2;KIF3A;PLK1;KIF15;SGO1;CENPJ;PLK4;PCLAF;PKD2;WDR62;HAUS4;CEP295;PLK2;CEP295NL;HAUS8;BRCA1;CDK2;MDM1;CHEK1;PPP1R12A;RBM14;CHORDC1;CCDC102B;CCNL1;CENATAC;SLC16A1;XRCC2;CEP120;GCC2;PARD6B;CEP135;CCNF;CNTLN;XRCC3;CEP131;NDE1;HAUS7;CEP68;HAUS3;CTNNB1;FOXJ1;UBXN2B;RTTN;TRIM37;FBXW5;PDCD6IP;STIL;ITGB1BP2;CEP250;ODF2;CEP152;KAT2B;CDK5RAP2;ARHGEF10"
"GO:0045931",3.58309182483255e-05,0.00246263793419667,0.557332238758646,-0.446826921198286,-1.80952689675527,121,"DDR2;DLGAP5;RRM2;UBE2C;CDC25C;BRCA2;BIRC5;CCNB1;CDC20;AURKA;SKA3;CDK1;ESPL1;CDCA5;DTL;ANXA1;CENPJ;PLCB1;CDC25A;DBF4B;MIR221;MIR222;EGFR;DUSP3;CDC6;NKX3-1"
"GO:0051984",4.96515182230792e-05,0.00337283917975847,0.557332238758646,-0.671475239186231,-2.07329464208375,29,"CDCA8;AURKB;BIRC5;CCNB1;SKA3;CDK1;NCAPG;NCAPG2;INCENP;CDC6;NCAPD2"
"GO:0030216",5.95963915838032e-05,0.00400186344405263,0.557332238758646,0.50650408666085,1.77046641383092,114,"KRT14;KRT17;KRT6A;KRT16;KRT75;KRT36;KRT5;SFN;OVOL2;SCEL;POU2F3;CDH3;OPN3;MSX2;CERS3;CYP26B1;KRT85;ETV4;MAFB;CNFN;TCHH;PPL;PRKCH;ALOX15B"
"GO:0019730",6.84531565029163e-05,0.00454435613965951,0.538434096309916,0.53440923930184,1.81310456806798,91,"KRT6A;CCL26;IGHA1;IGHM;IGHA2;GALP;CCL18;CXCL12;IGHE;CXCL13;CCL24;SPON2;IGHG4;CXCL14;COLEC11;NOD2;SLPI;BPI;H2BC12L;WFDC5;PRSS3;GNLY;RARRES2;WFDC13;SPINK5;H2BC4;WFDC3;CAMP;XCL1;PRTN3;B2M;JCHAIN;WFDC12;CCL5;CCL28"
"GO:0032886",9.18503721885075e-05,0.00602909971151979,0.538434096309916,-0.345494680956009,-1.51800275710273,252,"MID1;TACR1;AURKB;EPHA3;C10orf90;DIAPH3;TPX2;AURKA;SKA3;MAP2;NAV3;PLK1;CENPJ;GNAI1;RIPOR2;PLK4;SPAG5;KIF18A;WDR62;HAUS4;MET;BICD1;SKA2;CEP295;PLK2;CEP295NL;BORA;CDH5;TACR2;HAUS8;CFAP45;MAP1B;BRCA1;GPSM2;MDM1;TACC3;PHLDB1;CKAP2;AKAP9;ODAD2;RBM14;CHORDC1;PKD1;FGF13;DYNC1H1;ADAM7;PHLDB2;CCNL1;PRKAA2;CENATAC;HSPA1A"
"GO:0051298",0.000101199780396319,0.00642618605516628,0.538434096309916,-0.502705490209299,-1.86164918982031,71,"BRCA2;NDC80;C10orf90;CENPJ;PLK4;PKD2;WDR62;CEP295;PLK2;CEP295NL;BRCA1;CDK2;MDM1;RBM14;CHORDC1;CENATAC;CEP120;CEP135;CCNF;XRCC3;CEP131;NDE1;RTTN;TRIM37;FBXW5;PDCD6IP;STIL;ITGB1BP2;CEP152;KAT2B;CDK5RAP2;ARHGEF10"
"GO:0090266",0.000100527915950765,0.00642618605516628,0.538434096309916,-0.705494604740301,-2.05802436237019,23,"CDCA8;AURKB;BIRC5;CCNB1;NDC80;SKA3;KNL1"
"GO:1903504",0.000100527915950765,0.00642618605516628,0.538434096309916,-0.705494604740301,-2.05802436237019,23,"CDCA8;AURKB;BIRC5;CCNB1;NDC80;SKA3;KNL1"
"GO:0007064",0.0001052966537886,0.00651886418793898,0.538434096309916,-0.648675614380228,-2.02782403927061,31,"CDC20;CDCA5;SGO1;BUB1;HASPIN;SLF2;ESCO2;NAA50;SMC5;PDS5B;STAG1;RB1;CHTF8"
"GO:0031297",0.000105826802311206,0.00651886418793898,0.538434096309916,-0.555138375277839,-1.92003179030237,49,"BRCA2;POLQ;EXO1;TRAIP;NBN;NUCKS1;BRCA1;BARD1;SAMHD1;MMS22L;FAM111A;RAD50;RAD51;RFWD3;ETAA1;FANCM;ZNF365;EME1;EXD2;TIPIN"
"GO:0045638",0.000106006863720336,0.00651886418793898,0.538434096309916,-0.469881200089841,-1.79604437452353,85,"H4C1;H4C5;H4C3;H4C4;TNFRSF11B;H4C2;H4C16;H4C8;FBN1;MIR125B1;CDK6;GPR55;H4C6;TLR3;H4C14;CLDN18;H4C9;IL4;ZNF675;TNFAIP6;SFRP1;INHA;H4C15;PRDM16;HOXA7;RARA;MYC;LTF;PIK3R1;HOXB8;SKIC8;TOB2"
"GO:0045842",0.000120200765841661,0.00731471743798941,0.538434096309916,-0.773657581083143,-2.0557090423123,16,"DLGAP5;UBE2C;CDC20;SKA3;ESPL1"
"HIPPO_YAP",0.000132483574782411,0.00797906230802933,0.518848077743792,-0.706267687855139,-2.036245050069,22,"AMOTL2;LATS2;FAT3;PTPN14;TEAD4;AMOT;FAT4;FAT1;SAV1;MOB1A"
"GO:0000082",0.000140890003145322,0.0082713510179363,0.518848077743792,-0.356434058504245,-1.54777775845795,221,"DDR2;RRM2;IQGAP3;GTSE1;LATS2;ID4;E2F7;CCNB1;DACT1;CCL2;CDK1;CCNA2;CDK6;ANXA1;CENPJ;PKD2;BCAT1;PLCB1;CDC25A;PRKDC;PLK2;CCNB2;MIR221;MIR222;CDK2;EGFR;KIF14;JADE1;CDC6;CCNB3;CDKN3;CDKN2D;CCNH;PRMT2;KANK2;PKD1;SLFN11;BCL7A;ACTB;MYC;CCND1;DBF4;TFDP1;DPF2;RDX;SKP2;EZH2;RFWD3;PTPN6;RPS27L;DLG1;CCNI;APC;PPP3CA;CCNF;MYO16;LATS1;GPR132;RB1;CCNG2;PHF10;PML;CDC7;LSM10;CCNE1;KHDRBS1;DDX3X;MBLAC1;CDKN1A;CUL4B;SMARCD3;RRM1;TRIAP1;TMEM14B;ATM"
"GO:0061640",0.000138755772307206,0.0082713510179363,0.518848077743792,-0.428609889977454,-1.7255074625611,118,"IQGAP3;CDCA8;KIF20A;AURKB;BIRC5;KIF23;ESPL1;PLK1;NUSAP1;ECT2;ANLN;SPTBN1;CENPA;KIF20B;SNX33;INCENP;CKAP2;RACGAP1;SNX18;SEPTIN9;SEPTIN10;SNX9;EXOC5;ANK3;ZNF365;SEPTIN1;APC;PLEC;CUL7;TMEM250;RASA1;SEPTIN7"
"GO:1903490",0.000141584235158102,0.0082713510179363,0.518848077743792,-0.804573710004056,-2.02402344681279,13,"CDCA8;AURKB;BIRC5;ECT2;KIF20B;INCENP"
"GO:0009913",0.000166707930328392,0.00964265078196499,0.518848077743792,0.448137857051281,1.65120698874919,178,"KRT14;KRT17;KRT6A;KRT16;KRT75;KRT36;KRT5;SFN;MYO7A;GDF3;GLI1;OVOL2;SCEL;POU2F3;CDH3;USH1C;OPN3;MSX2;CERS3;DLL1;CYP26B1;KRT85;ETV4;MAFB;MYCL;HEY2;CNFN;TCHH;SPINK5;PPL;BMP4;PRKCH;ALOX15B"
"GO:0031589",0.000172267937955358,0.00986656170132549,0.518848077743792,-0.329312950871338,-1.48922898692893,325,"CCN2;CCN1;THBS1;PARVA;DAB2;ITGB3;ABI3BP;VCAM1;COL8A1;ITGB4;CDH11;AJUBA;NTN4;EPHA3;ITGB8;LIMCH1;NDNF;POPDC1;DOCK1;FN1;CDK6;RIN2;CCDC80;CD36;VEGFA;ANGPTL3;ITGBL1;EMP2;PTPRK;ANGPT1;RAC3;AXL;PTPRO;MYADM;ITGA4;SDC4;NRP1;CD34;HAS2;EFNA1;SORBS1;PLEKHA2;DUSP3;TRIP6;KIF14;FBLN1;TRIOBP;COL5A3;FOXF1;MMP14;HOXD3;THY1;SFRP1;ACTN1;TYRO3;LAMA5;ACTN4;FERMT2;ITGA3;PKD1;BST1;ITGAM;CDH13;PHLDB2;FUT1;KANK1;HOXA7;ADAMTS12;ITGA2;CX3CL1;EGFLAM;ADAMTS9;STON1;CSF1;SGCE;DOCK5;ARHGAP6;UTRN;ADAM9;S100A10;NF2;HACD1;ONECUT1;PRKCZ;CD44;EDIL3;PIK3R1;COL16A1;SRGAP2;SMAD3"
"GO:1902412",0.000212998649543859,0.0120809525304391,0.518848077743792,-0.763097454189466,-2.02764940860083,16,"CDCA8;AURKB;BIRC5;ECT2;KIF20B;INCENP"
"GO:0042770",0.000230291458198308,0.0129361797961011,0.518848077743792,-0.364104663788177,-1.55324461607655,187,"GTSE1;BRCA2;E2F7;ANKRD1;CDK1;FOXM1;FANCD2;PLK1;DTL;NDRG1;FBXO4;UFL1;NBN;PRKDC;PLK2;RNASEH2B;TICRR;BRCA1;CDK2;TFAP4;TWIST1;BARD1;CHEK1;STK33;RHNO1;SPRED1;RPS6KA6;DYRK3;BRIP1;WDR76;BCL3;HIPK2;DDX5;RAD51;MYO6;H2AX;BABAM2;CCND1;EIF2AK4;RFWD3;CD44;CRY1;RPS27L;ETAA1;MDM4;XPC;SNAI2;MIF;MAP2K6;PML;MDC1;EME1;TIPIN"
"GO:1901989",0.000238806608176303,0.0132867448091997,0.518848077743792,-0.427154345047066,-1.70651004082635,111,"DDR2;DLGAP5;RRM2;UBE2C;CDC25C;BIRC5;CCNB1;CDC20;SKA3;CDK1;ESPL1;CDCA5;DTL;ANXA1;CENPJ;FAM83D;PLCB1;CDC25A;DBF4B;MIR221;MIR222;EGFR;CDC6;DYRK3;PBX1;CCND1;TFDP1;CDC25B;RDX;EZH2;FBXO5"
"GO:0000212",0.000270442843354124,0.0149049725554225,0.49849310876659,-0.713382811862761,-2.00224677070358,20,"NDC80;ASPM;AURKA;SKA3;ESPL1;SKA2;CCNB2;TUBG1;MYH9;FBXO5;SEPTIN1"
"GO:0032392",0.000281048142950049,0.015344703281441,0.49849310876659,-0.466504292306085,-1.76599078040404,79,"TOP2A;POLQ;HMGB3;PIF1;GINS1;CDC45;NBN;GINS2;HMGB2;ASCC3;DHX9;MCM6;BRIP1;ERCC2;RFC2;RAD50;HMGB1;RAD51;MCM4;FANCM;MCM7;CHTF8;XRCC5;DTD1;DDX3X;PURA;RFC3;MCM3;DNA2"
"GO:0031570",0.000329713043933115,0.0178350333579375,0.49849310876659,-0.394315728644436,-1.62136209792261,137,"GTSE1;BRCA2;E2F7;CDK1;FANCD2;PLK1;DTL;FBXO4;UFL1;CDC45;NBN;PRKDC;PLK2;RNASEH2B;TICRR;BRCA1;CDK2;BARD1;CHEK1;CDC6;STK33;CDT1;RHNO1;BRIP1;WDR76;RAD51;H2AX;BABAM2;CCND1;EIF2AK4;RFWD3;CRY1;RPS27L;ETAA1"
"GO:0048168",0.000338585648618899,0.0181469482498313,0.49849310876659,0.573349247127881,1.82055225737364,59,"VGF;SHISA6;SLC8A2;SYP;NOG;CAMK2A;CAMK2B;SYNGR1;GRIN2B;GRM5;SHISA8;GRIN1;NEURL1;CNTN2;EGR2;PPFIA3;ARC;KCNJ10;KIT;NCDN;GRIN2D"
"GO:0007586",0.000367974424196734,0.018914199706041,0.49849310876659,0.490184317704001,1.69575126467814,106,"APOA1;CRACD;NPPC;RBP4;SLC5A1;NOD2;LRCOL1;OPRK1;GHSR;MUC2;HRH2;IL10RA;PRSS3;UCN2;SOAT2;WNK3;NPC1;NPSR1;INAVA;AKR1D1;SGK1;MDK;MUC13;AQP1;MUC4;CLDN15;ARX;PGA5;HIP1R;SLC4A9;PLS1;VSIG1;CYP39A1;PTGER3;SLC2A5;CAPN9;ADRA2A;SLC26A6;AKR1C2"
"GO:0042634",0.000361260011973595,0.018914199706041,0.49849310876659,0.685251241491396,1.85862175173728,26,"KRT17;CDH3;DKK4;TRPV3;MSX2;WNT10B;NGFR;FST"
"GO:0044771",0.000369089141815932,0.018914199706041,0.49849310876659,-0.782054478191731,-1.96737300866694,13,"CDC25C;TTK;ZWINT;CDC20;NDC80;KNL1;CDC25A;CCNB2;PKMYT1"
"GO:0098659",0.000367337111711448,0.018914199706041,0.49849310876659,0.489753480403114,1.69923932598578,109,"KCNJ12;SLC12A3;TRPV4;SLC12A8;ATP12A;CACNA1G;NALF2;CACNA1H;TRPV3;SLC5A1;SLC8A2;CACNA1B;KCNK9;ABCC8;ATP4B;SLC39A8;SLC39A4;TRPM2;SLC24A2;ABCC9;SLC9A9;CACNA1I;SLC6A1;KCNE2;SLC12A5;SLC39A6;KCNJ5;CACNA1E;KCNJ11;KCNJ15;CACNA1A;PPP3R2;KCNJ4;KCNJ10;KCNH2;CNGA3;SLC39A11;TRPV1;ATP4A"
"GO:0099587",0.000367337111711448,0.018914199706041,0.49849310876659,0.489753480403114,1.69923932598578,109,"KCNJ12;SLC12A3;TRPV4;SLC12A8;ATP12A;CACNA1G;NALF2;CACNA1H;TRPV3;SLC5A1;SLC8A2;CACNA1B;KCNK9;ABCC8;ATP4B;SLC39A8;SLC39A4;TRPM2;SLC24A2;ABCC9;SLC9A9;CACNA1I;SLC6A1;KCNE2;SLC12A5;SLC39A6;KCNJ5;CACNA1E;KCNJ11;KCNJ15;CACNA1A;PPP3R2;KCNJ4;KCNJ10;KCNH2;CNGA3;SLC39A11;TRPV1;ATP4A"
"GO:0050853",0.000373125677863024,0.0189547844354416,0.49849310876659,0.57260522475144,1.79696240989657,55,"IGHA1;IGHM;IGHA2;TEC;KLHL6;IGHE;IGHG4;CD22;LCK;GCSAM;NFATC2;VAV3;CD38;CTLA4;STAP1;PRKCH;CD300A"
"GO:0045005",0.000379269645509097,0.0191008040436564,0.49849310876659,-0.514594651330826,-1.82843796592958,57,"BRCA2;POLQ;EXO1;TRAIP;NBN;NUCKS1;BRCA1;BARD1;SAMHD1;MMS22L;FAM111A;RAD50;SLFN11;RAD51;RFWD3;ETAA1;FANCM;ZNF365;POLD1;EME1;EXD2;TIPIN"
"GO:0046068",0.000387562040327974,0.0193516020478292,0.49849310876659,0.776371369884384,1.89363555434914,16,"NPPC;GUCY2D;PDE2A;GUCY2C;GUCY1A1;PDE1A;GUCY2F;GUCY1B1;NPR1"
"GO:0044839",0.000405643181032851,0.0200827751152027,0.49849310876659,-0.376632417534314,-1.56858179723324,153,"CDC25C;AURKB;BIRC5;CCNB1;NDC80;AURKA;CDK1;FOXM1;PLK1;CCNA2;DTL;CDK6;PLCB1;TPD52L1;NBN;CDC25A;DBF4B;KCNH5;RNASEH2B;CCNB2;MELK;TICRR;PKMYT1;BRCA1;CDK2;BARD1;KIF14;CHEK1;CDC6;DYRK3;MASTL;CENPF;RAD50;PBX1;BABAM2;CCND1;CDC25B;SKP2;FBXO5;CDK14;ETAA1"
"GO:0009190",0.000415849532127378,0.0204150669469592,0.49849310876659,0.743788612449517,1.890630434327,19,"NPPC;GUCY2D;ADCY1;GUCY2C;GUCY1A1;GUCY2F;GUCY1B1;NPR1"
"GO:0099072",0.000500444899227304,0.0243633258440492,0.477270815362862,0.487764378755716,1.68997389535673,107,"FRRS1L;NPTX1;CPLX1;SHISA6;GRID1;SYT17;GSG1L;TMEM108;ERBB4;CACNG7;HPCA;SUSD4;CACNG4;GHSR;NETO2;NSG2;OLFM1;RAPSN;SLC12A5;CACNG8;STX1B;STX3;LGI1;ARC;GPHN;CACNA2D2;NCDN;IGSF11;GRID2IP"
"GO:0045814",0.000507145382127363,0.0244854820032071,0.477270815362862,-0.357296349711031,-1.51001215413803,174,"H2AC4;H1-0;H2AL3;H2AC16;H2AC8;H2AC13;ARB2A;H2AC21;HELLS;PHF19;HDAC9;H2AC20;H2AC12;CBX5;LMNB1;H2AP;UHRF1;SMARCAD1;BRCA1;CDK2;WT1;CHEK1;FKBP6;MACROH2A2;H2AC15;H2AC18;H2AZ2;MOV10L1;HMGB1;MYC;H2AX;H2AC11;EZH2;H2AZ1;H2AC25;KDM5A;CENPV;SCMH1;LMNB2;BAZ1A;H2AC7;RB1;YTHDC1;L3MBTL3;SPEN;PRMT5;LMNA;HNRNPU;USP7;PHF2;ATF7IP;SMARCA5;TRIM37;EED;HDAC6;LBR"
"GO:0090307",0.000513204805344614,0.0245749383018298,0.477270815362862,-0.472938261652559,-1.76028474275698,73,"CDCA8;AURKB;BIRC5;KIFC1;MYBL2;CDC20;KIF23;TPX2;NEK2;PLK1;KIF15;RIPOR2;UHRF1;MZT1;INCENP"
"GO:0002768",0.000531403023869848,0.025035939237481,0.477270815362862,0.392635577848283,1.50424135408801,278,"IGHA1;IGHM;IGHA2;TEC;CLEC7A;CD40;KLHL6;TRAT1;F2RL1;CCR7;IGHE;CMKLR1;CEACAM1;IGHG4;CLEC12B;COLEC11;CD8A;CD22;LCK;CD8B;NOD2;TLR5;GCSAM;NFATC2;INPP5D;HHLA2;PIK3AP1;LBP;CD247;VAV3;TNFRSF21;PSG9;CD24;HLA-G;CD33;FCHO1;CARD11;CD38;CTLA4;STAP1;MYO1G;FPR1;PRKCH;FCGR1A;CD300A;NCR3;SLC39A6;LY96;LILRA4;VAV1;FPR2;C3AR1;LAX1;PLCG2;NCKAP1L;SKAP1;DUSP22;TRAC;BTN3A3;HLA-A;KIT;BTN3A1;FGR;PELI1;PIGR;BTN3A2;SPG21;FCER1G;MICB;TXK;FOXP3;MIR708;BMX;BLNK;ELF1;NFAM1"
"GO:0015698",0.000529927867911332,0.025035939237481,0.477270815362862,0.454384105267884,1.63703975369284,143,"ADAMTS8;CLCA3P;CLCA4;SLC12A3;P2RY6;NMUR2;CLCA1;BSND;SLC12A8;CA7;TG;SLC34A2;NMUR1;ANO1;GLRA3;GABRB3;KCNK1;SLC26A5;SLC26A8;CLCN5;CLDN4;SLC1A7;ABCB1;SLC6A1;P2RY4;SLC4A11;SLC12A5;ANO2;FGF23;SLC26A4;GABRQ;ATP8B1;GABRA4;GLRA1;SLC4A9;GABRR2;ABCC6;SLC26A2;CLIC5;GABRR3;SLC20A2"
"GO:0031341",0.000545737034992011,0.0255055660673866,0.477270815362862,0.522296011504982,1.72523951368632,77,"PRF1;CLEC7A;F2RL1;CEACAM1;CLEC12B;IL12RB1;NOS2;SLC22A13;HLA-G;IL23R;STAP1;MICA;HLA-B;XCL1;SPI1;NCR3;B2M;IL23A;IL13;VAV1;IL12A;HLA-C;NCKAP1L;SERPINB9"
"GO:0045637",0.000603188333733886,0.0277466633517587,0.477270815362862,-0.353263720307877,-1.50862024516297,189,"H4C1;H4C5;H4C3;H4C4;TNFRSF11B;KITLG;H4C2;H4C16;H4C8;FBN1;KLF10;MIR125B1;ETS1;CDK6;GPR55;H4C6;PRKDC;TLR3;HMGB2;H4C14;MIR221;MIR222;CLDN18;H4C9;LOX;STAT1;FAXDC2;GATA1;CEBPB;IL4;ZNF675;TNFAIP6;SFRP1;INHA;H4C15;FOXP1;PRDM16;TMEM64;MEF2C;HOXA7;ABCB10;HSPA1A;FAM210B;RARA;CSF1;MYC;RARG;PPARGC1B;ACVR2A;LIF;LTF;NOTCH2;PIK3R1;HOXB8;CAMK4;RCOR1;HIF1A;SKIC8;TOB2;PPP3CA"
"GO:0045910",0.000601149644184345,0.0277466633517587,0.477270815362862,-0.537354969980738,-1.85018473951224,48,"H1-0;H1-5;H1-3;H1-2;POLQ;H1-4;PLK1"
"GO:0000018",0.000625691372409202,0.0281176076739581,0.477270815362862,-0.391237570625423,-1.60463376293567,133,"H1-0;H1-5;H1-3;RAD51AP1;H1-2;POLQ;H1-4;PLK1;KPNA2;FIGNL1;TNFSF4;NBN;IL7R;SMARCAD1;YEATS4;APLF;CHEK1;PARPBP;H1-10;IL4;PTPRC;ERCC2;RAD50;ACTB;BRD8;RAD51;H1-1;SKP2;FANCB;RNF126;ZNF365;NSD2;CLCF1"
"GO:0046599",0.000622731683795757,0.0281176076739581,0.477270815362862,-0.661627803424862,-1.93005889644057,23,"C10orf90;CENPJ;PLK4;CEP295;PLK2;CEP295NL;BRCA1;MDM1;RBM14"
"GO:0071103",0.000617035040610012,0.0281176076739581,0.477270815362862,-0.452083842954211,-1.72956934389068,86,"TOP2A;POLQ;HMGB3;PIF1;GINS1;CDC45;NBN;GINS2;HMGB2;ASCC3;DHX9;MCM6;BRIP1;ERCC2;RFC2;RAD50;HMGB1;RAD51;MCM4;FANCM;MCM7;CHTF8;XRCC5;DTD1;DDX3X;TOP2B;PURA;RFC3;MCM3;DNA2"
"GO:0060263",0.00063959294516238,0.0285229159209055,0.477270815362862,0.772115025788558,1.85529207948671,15,"IGHA1;IGHA2;CLEC7A;LBP;RAC2;DUSP10;NCF1;JCHAIN"
"GO:0008544",0.000657504121263898,0.0290995384577553,0.477270815362862,0.386027983680589,1.49012705854955,307,"KRT14;KRT17;KRT6A;KRT9;KRT16;KRT75;KRT32;KRT36;FGF7;KRT5;KRT15;SFN;KRT31;MYO7A;GDF3;GLI1;OVOL2;SCEL;POU2F3;CDH3;USH1C;DKK4;OPN3;MSX2;CERS3;LRP4;DLL1;WNT10B;NGFR;CYP26B1;KRT85;DCT;ETV4;MAFB;MYCL;FOXQ1;SHH;LAMC2;EMP1;HEY2;CNFN;CLDN4;TCHH;SPINK5;PPL;FST;BMP4;PRKCH;ALOX15B;CST6;SPINT1;BNC1;ANKRD24;LHX2;WAS;PKP3;ALOX12B;DSP;STRC;TMEM132E;ST14;GJB5;MANSC4;CD109;PLS1;MCOLN3;GRHL1;FGFR2;KLK14;PLA2G10;FERMT1;PPARA;JAG1;HES1;DLX3"
"GO:0001906",0.000698122439907277,0.0306648969469046,0.477270815362862,0.436877013236182,1.58648005132371,156,"PRF1;KRT6A;CLEC7A;CCL18;CXCL12;F2RL1;IGHE;CXCL13;CEACAM1;CLEC12B;CXCL14;IL12RB1;NOS2;SLC22A13;SLAMF7;C8G;HLA-G;GBP2;CHGA;IL23R;GNLY;STXBP2;GBP7;STAP1;MICA;HLA-B;CAMP;FCGR1A;XCL1;SPI1;NCR3;B2M;IL23A;IL13;CCL28;VAV1;IL12A;HLA-C;LYST;NCKAP1L;SERPINB9;PRDX1"
"GO:0032506",0.000763774414645485,0.0332982845549173,0.477270815362862,-0.530356594005287,-1.81698379552831,47,"IQGAP3;KIF20A;AURKB;ECT2;ANLN;KIF20B;SNX33;RACGAP1;SNX18;MYH9;SNX9"
"GO:0010824",0.000771148578832922,0.0333707407225328,0.477270815362862,-0.533390848199009,-1.79648299677588,44,"C10orf90;CENPJ;PLK4;CEP295;PLK2;CEP295NL;BRCA1;MDM1;RBM14;CHORDC1;CENATAC;CEP120;CCNF;XRCC3;CEP131;TRIM37;FBXW5;PDCD6IP;STIL;KAT2B;CDK5RAP2"
"GO:0006959",0.000808015434481562,0.0342059867263861,0.477270815362862,0.43399385587544,1.58394422868205,163,"KRT6A;CCL26;IGHA1;IGHM;IGHA2;GALP;CCL18;CXCL12;RGCC;CCR7;IGHE;CXCL13;CCL24;SPON2;IGHG4;CXCL14;COLEC11;NOD2;SLPI;SUSD4;BPI;H2BC12L;WFDC5;SERPING1;TNFRSF21;C4B;PRSS3;POU2F2;C8G;GNLY;RARRES2;WFDC13;C4A;SPINK5;H2BC4;WFDC3;CAMP;XCL1;IFNB1;PRTN3;B2M;ALOX5;JCHAIN;WFDC12"
"GO:0031343",0.000803027956525716,0.0342059867263861,0.477270815362862,0.554904660316035,1.74141410619713,55,"PRF1;CLEC7A;F2RL1;IL12RB1;NOS2;SLC22A13;HLA-G;IL23R;STAP1;MICA;HLA-B;XCL1;SPI1;NCR3;B2M;IL23A;VAV1;IL12A;HLA-C"
"GO:0046605",0.000808000779579413,0.0342059867263861,0.477270815362862,-0.507946062670471,-1.77531504072614,53,"C10orf90;AURKA;CENPJ;PLK4;WDR62;CEP295;PLK2;CEP295NL;BRCA1;MDM1;RBM14;CHORDC1;CCNL1;CENATAC;CEP120;CCNF;XRCC3;CEP131;TRIM37;FBXW5;PDCD6IP;STIL;KAT2B;CDK5RAP2"
"GO:0060252",0.000828287942159156,0.0348119291949194,0.477270815362862,-0.65445604476591,-1.90913789443434,23,"GFAP;IL6;VEGFC;MIR125B1;UFL1;MIR221;MIR222;EGFR;LTA"
"GO:0006821",0.000836483996605459,0.0349052822012078,0.477270815362862,0.474124804313144,1.63968979123523,105,"CLCA3P;CLCA4;SLC12A3;P2RY6;NMUR2;CLCA1;BSND;SLC12A8;CA7;NMUR1;ANO1;GLRA3;GABRB3;KCNK1;SLC26A5;SLC26A8;CLCN5;CLDN4;SLC1A7;ABCB1;SLC6A1;P2RY4;SLC12A5;ANO2;SLC26A4;GABRQ;ATP8B1;GABRA4;GLRA1;SLC4A9;GABRR2;SLC26A2;CLIC5;GABRR3"
"GO:0002262",0.000883517931821944,0.0366064663666936,0.477270815362862,-0.353794306290308,-1.49355708861135,172,"ALAS2;KITLG;IL6;TMEM14C;DIAPH3;ETS1;CDK6;ANXA1;SLC7A11;CITED2;UFL1;VEGFA;NCAPG2;PRKDC;AXL;GPI;EPAS1;HMGB2;SFXN1;MIR221;MIR222;PDE4B;BBIP1;STAT1;GATA1;SLC25A40;DYRK3;PIK3CD;HMOX1;INHA;SCNN1B;ERCC2;KLF2;RACGAP1;G6PD;SLC1A5;HIPK2;ABCB10;HSPA1A;FAM210B;HMGB1;CSF1;ACVR2A;CFLAR"
"GO:0000086",0.000914147010175175,0.0376087805172068,0.477270815362862,-0.381973397876723,-1.56929861287113,136,"CDC25C;AURKB;BIRC5;CCNB1;AURKA;CDK1;FOXM1;PLK1;CCNA2;DTL;CDK6;PLCB1;TPD52L1;NBN;CDC25A;DBF4B;KCNH5;RNASEH2B;MELK;TICRR;PKMYT1;BRCA1;CDK2;BARD1;KIF14;CHEK1;CDC6;MASTL;CENPF;RAD50;PBX1;BABAM2;CCND1;CDC25B;SKP2;FBXO5;CDK14;ETAA1"
"GO:0090306",0.000970501227856279,0.0396480291827719,0.477270815362862,-0.746991234269587,-1.91922984467711,14,"NDC80;ASPM;AURKA;SKA3;SKA2;CCNB2"
"GO:0090232",0.00104760828481257,0.0425008861102431,0.45505986738723,-0.757604962281555,-1.90586665710449,13,"CDCA8;AURKB;BIRC5;NDC80;KNL1;INCENP;MAD2L1;MAD1L1;XRCC3"
"GO:0009880",0.00108325950752154,0.0427648627419961,0.45505986738723,0.535914218735614,1.71576275529359,62,"GDF3;NRARP;BMP7;ERBB4;TDRD5;CRIPTO;RIPPLY3;COBL;DLL1;IHH;ZBTB16;MEOX1;SHH;NOTO;BASP1;PGAP1"
"GO:0032508",0.00106297308044388,0.0427648627419961,0.45505986738723,-0.460009112478151,-1.71216221625846,73,"TOP2A;POLQ;PIF1;GINS1;CDC45;NBN;GINS2;ASCC3;DHX9;MCM6;BRIP1;ERCC2;RFC2;RAD50;RAD51;MCM4;FANCM;MCM7;CHTF8;XRCC5;DTD1;DDX3X;PURA;RFC3;MCM3;DNA2"
"GO:0044786",0.00109071628698347,0.0427648627419961,0.45505986738723,-0.52522371576967,-1.76897574840207,44,"BRCA2;E2F7;TK1;E2F8;GINS1;CDC45;DBF4B;FEN1;CDT1;MCM6;DACH1;RAD51;DBF4;FBXO5;MCM4;CDC7;TIPIN;GMNN;MCM3;DNA2;TERF1;PCNA"
"GO:0051053",0.00108604914579235,0.0427648627419961,0.45505986738723,-0.391065728423362,-1.59213306906378,127,"H1-0;H1-5;H1-3;KCNK2;ANKRD1;H1-2;POLQ;H1-4;PLK1;PIF1;AUNIP;NBN;MIR221;TWIST1;CHEK1;CDC6;XRCC1;PARPBP;CDT1;H1-10;DACH1;RAD50;SLFN11;STN1;H1-1;FBXO5;NIBAN2;FANCB"
"GO:1902423",0.00107863684176598,0.0427648627419961,0.45505986738723,-0.800012914954764,-1.87744437823498,10,"CDCA8;AURKB;BIRC5;CDK1;INCENP"
"GO:0051987",0.00115377342662081,0.0449356290554586,0.45505986738723,-0.771002235641553,-1.85691606115407,11,"CDCA8;AURKB;BIRC5;CCNB1;INCENP"
"GO:0000077",0.00116831125931007,0.0452004925621816,0.45505986738723,-0.391766085123128,-1.59711536457786,128,"GTSE1;BRCA2;E2F7;CDK1;FANCD2;PLK1;DTL;FBXO4;UFL1;NBN;PRKDC;PLK2;RNASEH2B;TICRR;BRCA1;CDK2;BARD1;CHEK1;STK33;RHNO1;BRIP1;WDR76;RAD51;H2AX;BABAM2;CCND1;EIF2AK4;RFWD3;CRY1;RPS27L;ETAA1"
"GO:0006577",0.00120957226060214,0.0464889549107744,0.45505986738723,-0.704415632849422,-1.90026241653294,17,"ALDH7A1;BHMT;CHDH;CPT1B;ACADM;BBOX1;CPT1A;CPT1C;SHMT1;SLC22A4"
"GO:0031507",0.00123028792880304,0.046976092026584,0.45505986738723,-0.37519880846391,-1.54933051433381,144,"H2AC4;H1-0;H2AL3;H2AC16;H2AC8;H2AC13;ARB2A;H2AC21;HELLS;H2AC20;H2AC12;CBX5;LMNB1;H2AP;UHRF1;SMARCAD1;BRCA1;CDK2;FKBP6;MACROH2A2;H2AC15;H2AC18;H2AZ2;MOV10L1;HMGB1;H2AX;H2AC11;EZH2;H2AZ1;H2AC25;KDM5A;CENPV;SCMH1;LMNB2;BAZ1A;H2AC7;RB1;YTHDC1;L3MBTL3;SPEN;LMNA;HNRNPU"
"GO:0071897",0.00125362234806851,0.0475562451780276,0.45505986738723,-0.359385121417216,-1.50824285850605,160,"CCN2;CYP1B1;KCNK2;ANKRD1;TK1;POLQ;CCNA2;PIF1;DTL;FBXO4;PCLAF;POLI;VEGFA;TYMS;NAF1;LOX;HROB;CHEK1;JADE1;CDKN2D;DACH1;CENPF;RFC2;POLD2;FGF2;RAD50;USP43;TNKS1BP1;HSP90AA1;JADE2;JADE3;TFDP1;STN1;NIBAN2;HTR2A;ZBTB1;LIG4;GNL3L;CCT6A;POLD1;CHTF8;XRCC5;PML;HNRNPU;HNRNPD;CDKN1A;CTNNB1;HNRNPA1;RRM1;RRM2B;ATM;RFC3;PRKD2;POLK;TERF1;TK2;RGN;RFC1"
"GO:0007062",0.00127701190247474,0.0478224585529322,0.45505986738723,-0.48951364055465,-1.73207055637651,56,"CDC20;ESPL1;CDCA5;PLK1;SGO1;SGO2;BUB1B;BUB1;HASPIN;KIF22;FEN1;SLF2;ESCO2;NAA50;MCMBP;SMC5;PDS5B;STAG1;RB1;CHTF8;RAD21L1"
"GO:0043588",0.00126899131826512,0.0478224585529322,0.45505986738723,0.391627723122459,1.48644849247372,248,"KRT14;KRT17;KRT6A;KRT9;KRT16;KRT75;COMP;KRT36;FGF7;KRT5;SFN;OVOL2;SCEL;POU2F3;CDH3;DKK4;OPN3;SLITRK5;MSX2;CERS3;LRP4;DLL1;WNT10B;NGFR;CYP26B1;KRT85;ETV4;GJB3;MAFB;FOXQ1;SHH;DHCR24;CNFN;CLDN4;ATP8A2;TCHH;SPINK5;PPL;FST;ITGA6;RYR1;PRKCH"
"GO:0001895",0.00129206738497019,0.0480780742865978,0.45505986738723,0.55284768447424,1.73120771169806,54,"USH1G;ABCA4;ESRRB;RPE65;CDH3;USH1C;CNGB1;CRB1;PROM1;CIB2;ARMS2"
"GO:0000725",0.00131016737116798,0.0480933741727406,0.45505986738723,-0.342054716337456,-1.46075195485806,189,"BRCA2;RAD51AP1;POLQ;PLK1;AUNIP;CDC45;FIGNL1;UHRF1;NBN;GINS2;NUCKS1;RAD54L;YEATS4;BRCA1;HROB;FEN1;CHEK1;SAMHD1;XRCC1;PARPBP;SLF2;RHNO1;MCM6;MMS22L;RAD50;ACTB;BRD8;RAD51;SFPQ;H2AX;SKP2;XRCC2;RFWD3;NSMCE3;MCM4;SMC5;FANCB;RNF126;FANCM;ZNF365;MCM7;XRCC3;XRCC5;CDC7;RAD21L1;EXD2"
"GO:0006820",0.00131717560212915,0.0480933741727406,0.45505986738723,0.43994542754233,1.58827953524666,146,"CLCA3P;CLCA4;SLC12A3;P2RY6;NMUR2;CLCA1;BSND;SLC12A8;CA7;TG;NMUR1;ANO1;GLRA3;GABRB3;KCNK1;SLC26A5;SLC26A8;CLCN5;CLDN4;SLC1A7;ABCB1;ABCC9;SLC6A1;SLC17A5;P2RY4;LRRC8E;SLC4A11;SLC1A2;SLC12A5;ANO2;SLC26A4;GABRQ;ATP8B1;ABCC5;GABRA4;GLRA1;SLC4A9;GABRR2;ABCC6;MCOLN1;SLC26A2;CLIC5;GABRR3;MCOLN3"
"GO:0016264",0.00130832317271018,0.0480933741727406,0.45505986738723,0.750514548866193,1.83056857699553,16,"TBX5;GJB6;HOPX;GJD3;GJB2;ACE2;ACE;CNTNAP2;GJA5;AGT"
"GO:0070507",0.00137175739328663,0.0497751968421149,0.45505986738723,-0.360385452257434,-1.51432146874088,163,"MID1;AURKB;EPHA3;DIAPH3;TPX2;SKA3;MAP2;NAV3;PLK1;CENPJ;GNAI1;RIPOR2;SPAG5;KIF18A;HAUS4;MET;BICD1;SKA2;BORA;CDH5;HAUS8;MAP1B;GPSM2;TACC3;PHLDB1;CKAP2;AKAP9;PKD1;FGF13;DYNC1H1;PHLDB2;PRKAA2;HSPA1A"
