"ID","Description","GeneRatio","BgRatio","pvalue","p.adjust","qvalue","geneID","Count"
"R-HSA-9012999","RHO GTPase cycle","163/2679","449/11009",4.87178845549224e-09,3.83653340870014e-06,3.52050818388992e-06,"SPEN/EPHA2/ARHGEF10L/DOCK7/ARHGAP29/ABCD3/VAV3/RHOC/VANGL1/ARHGEF11/RASAL2/ABL2/KCTD3/RHOU/ARHGAP21/ABI1/ARHGAP12/ITGB1/ARHGAP22/RHOBTB1/DLG5/SH3PXD2A/ADD3/DOCK1/PICALM/ARHGAP42/ARHGAP20/ARHGEF12/ARHGAP32/PLEKHG6/FGD4/FMNL3/LEMD3/FRS2/CKAP4/CIT/SPATA13/WASF3/STARD13/EPSTI1/DIAPH3/FARP1/DOCK9/SCFD1/FERMT2/KTN1/DAAM1/RHOJ/PLEKHG3/ACTN1/TMOD3/UACA/PEAK1/AKAP13/ARHGAP17/WWP2/ABR/ANKFY1/CAVIN1/ARHGAP27/MSI2/CLTC/TEX2/GNA13/RALBP1/ROCK1/TXNL1/TRIP10/RHPN2/GARRE1/ARHGAP35/ROCK2/RHOB/ITSN2/CDC42EP3/SOS1/SPTBN1/VRK2/ARHGAP25/NCK2/SOWAHC/STEAP3/ARHGEF4/ARHGAP15/RND3/FMNL2/PKP4/WIPF1/CHN1/ALS2/ABI2/DOCK10/JAG1/PREX1/PARD6B/TIAM1/ITSN1/SRGAP3/FGD5/SLC4A7/NISCH/ARHGEF3/ARL13B/KALRN/OSBPL11/NCK1/ARHGEF26/PLD1/TRA2B/RHOH/ARHGAP24/FAM13A/PGRMC2/ARHGAP10/SH3RF1/TRIO/DEPDC1B/ERBIN/PIK3R1/ARHGEF28/IQGAP2/DIAPH1/ARHGAP26/CYFIP2/DOCK2/STK10/GFOD1/LRRC1/DST/GJA1/ARHGAP18/PLEKHG1/AKAP12/TIAM2/NOX3/RAC1/CHN2/NIPSNAP2/BAIAP2L1/DOCK4/CAV1/CFTR/ARHGEF10/DLC1/DOCK5/PTK2B/STMN2/DOCK8/VCP/ARHGEF39/HINT2/TJP2/FGD3/FNBP1/RAPGEF1/ARHGAP6/MOSPD2/NHS/USP9X/OPHN1/DIAPH2/PAK3/MTMR1",163
"R-HSA-9013149","RAC1 GTPase cycle","79/2679","185/11009",2.45225501509484e-08,1.28743388292479e-05,1.18138460902639e-05,"EPHA2/DOCK7/ARHGAP29/VAV3/VANGL1/ARHGEF11/ABL2/ARHGAP21/ABI1/ARHGAP12/ITGB1/ARHGAP22/DOCK1/ARHGAP42/ARHGAP20/ARHGAP32/PLEKHG6/LEMD3/CIT/SPATA13/WASF3/DIAPH3/FARP1/DOCK9/FERMT2/KTN1/PLEKHG3/ARHGAP17/ABR/ARHGAP27/GNA13/RALBP1/GARRE1/ARHGAP35/SOS1/VRK2/ARHGAP25/ARHGEF4/ARHGAP15/WIPF1/CHN1/ALS2/ABI2/DOCK10/JAG1/PREX1/TIAM1/SRGAP3/FGD5/NISCH/KALRN/PLD1/ARHGAP24/FAM13A/ARHGAP10/TRIO/DEPDC1B/ERBIN/PIK3R1/IQGAP2/ARHGAP26/CYFIP2/DOCK2/PLEKHG1/TIAM2/NOX3/RAC1/CHN2/BAIAP2L1/DOCK4/CAV1/ARHGEF10/DLC1/DOCK5/DOCK8/ARHGEF39/NHS/OPHN1/PAK3",79
"R-HSA-9013026","RHOB GTPase cycle","33/2679","70/11009",2.627048999091e-05,0.00344800181130694,0.00316398094364206,"ARHGEF10L/VANGL1/ARHGEF11/ARHGAP21/ARHGEF12/ARHGAP32/CIT/STARD13/DIAPH3/DAAM1/AKAP13/ABR/CAVIN1/ROCK1/RHPN2/ARHGAP35/ROCK2/RHOB/SOWAHC/PREX1/ARHGEF3/DEPDC1B/ERBIN/PIK3R1/ARHGEF28/DIAPH1/ARHGAP26/STK10/CAV1/ARHGEF10/DLC1/TJP2/OPHN1",33
"R-HSA-9013106","RHOC GTPase cycle","34/2679","74/11009",3.89275093750419e-05,0.0040873884843794,0.00375069967522334,"ARHGEF10L/ABCD3/RHOC/VANGL1/ARHGEF11/ARHGAP21/ARHGEF12/ARHGAP32/FMNL3/CIT/STARD13/DIAPH3/DAAM1/AKAP13/ABR/CAVIN1/ROCK1/ARHGAP35/ROCK2/FMNL2/PREX1/DEPDC1B/ERBIN/PIK3R1/ARHGEF28/DIAPH1/ARHGAP26/STK10/ARHGAP18/CAV1/ARHGEF10/DLC1/TJP2/OPHN1",34
"R-HSA-8980692","RHOA GTPase cycle","57/2679","147/11009",6.51100359655802e-05,0.00569712814698827,0.00522784089945858,"ARHGEF10L/ARHGAP29/ABCD3/VAV3/VANGL1/ARHGEF11/ARHGAP21/ARHGAP22/ARHGAP42/ARHGAP20/ARHGEF12/ARHGAP32/PLEKHG6/FMNL3/CIT/STARD13/DIAPH3/FARP1/SCFD1/KTN1/DAAM1/PLEKHG3/AKAP13/ABR/CAVIN1/TEX2/ROCK1/RHPN2/ARHGAP35/ROCK2/SOWAHC/ARHGEF4/PREX1/TIAM1/ARHGEF3/KALRN/PLD1/ARHGAP24/FAM13A/PGRMC2/ARHGAP10/TRIO/DEPDC1B/ERBIN/PIK3R1/ARHGEF28/DIAPH1/ARHGAP26/DOCK2/STK10/ARHGAP18/CAV1/ARHGEF10/DLC1/TJP2/ARHGAP6/OPHN1",57
"R-HSA-9013148","CDC42 GTPase cycle","58/2679","155/11009",0.000177379910526244,0.0110881047577481,0.0101747487601591,"DOCK7/ARHGAP29/VAV3/VANGL1/ARHGEF11/KCTD3/ARHGAP21/ARHGAP22/SH3PXD2A/ARHGAP42/ARHGAP20/ARHGEF12/ARHGAP32/FGD4/FMNL3/SPATA13/STARD13/DIAPH3/FARP1/DOCK9/KTN1/DAAM1/PLEKHG3/ARHGAP17/ABR/ARHGAP27/GNA13/RALBP1/ARHGAP35/CDC42EP3/STEAP3/ARHGEF4/FMNL2/WIPF1/CHN1/DOCK10/PREX1/TIAM1/ITSN1/SRGAP3/ARHGEF26/PLD1/ARHGAP24/ARHGAP10/TRIO/DEPDC1B/PIK3R1/IQGAP2/ARHGAP26/PLEKHG1/CAV1/ARHGEF10/DLC1/DOCK8/FGD3/FNBP1/OPHN1/PAK3",58
"R-HSA-9696264","RND3 GTPase cycle","20/2679","42/11009",0.000853085683386539,0.0353581566140473,0.0324456133875268,"EPHA2/VANGL1/RASAL2/ARHGAP21/DLG5/PICALM/LEMD3/CKAP4/KTN1/TMOD3/ROCK1/TXNL1/ARHGAP35/RND3/PKP4/NISCH/DEPDC1B/PIK3R1/DST/CAV1",20
"R-HSA-9013405","RHOD GTPase cycle","24/2679","54/11009",0.00093833355512963,0.0369468837332292,0.0339034729261311,"VANGL1/ARHGAP21/ARHGAP12/ADD3/ARHGAP32/LEMD3/DIAPH3/ACTN1/ARHGAP17/ANKFY1/ARHGAP35/VRK2/STEAP3/SLC4A7/PGRMC2/DEPDC1B/PIK3R1/DIAPH1/ARHGAP26/AKAP12/CAV1/HINT2/MOSPD2/DIAPH2",24
"R-HSA-9614657","FOXO-mediated transcription of cell death genes","10/2679","16/11009",0.00130387354260808,0.0477581588280865,0.0438241952019801,"PINK1/NFYC/FASLG/FOXO1/STK11/BCL2L11/EP300/BCL6/FOXO3/CITED2",10
"R-HSA-9013408","RHOG GTPase cycle","30/2679","74/11009",0.00146313582958154,0.0500964985128463,0.0459699197715208,"EPHA2/VAV3/VANGL1/ARHGAP21/ITGB1/DOCK1/ARHGAP32/LEMD3/DIAPH3/KTN1/PLEKHG3/GARRE1/ARHGAP35/VRK2/PREX1/ITSN1/KALRN/ARHGEF26/PLD1/PGRMC2/TRIO/DEPDC1B/ERBIN/PIK3R1/IQGAP2/DOCK2/DOCK4/CAV1/DOCK5/OPHN1",30
"R-HSA-9035034","RHOF GTPase cycle","19/2679","42/11009",0.0024235071524375,0.0720193163224353,0.0660868981191002,"VANGL1/ARHGAP21/ARHGAP12/ADD3/ARHGAP32/DIAPH3/FARP1/ACTN1/SOWAHC/STEAP3/SLC4A7/DEPDC1B/PIK3R1/DIAPH1/AKAP12/BAIAP2L1/CAV1/DIAPH2/MTMR1",19
"R-HSA-9013409","RHOJ GTPase cycle","23/2679","55/11009",0.00314995476325491,0.0813120675120756,0.0746141812491762,"VANGL1/ARHGAP21/ARHGAP32/FMNL3/DIAPH3/RHOJ/WWP2/ARHGAP35/STEAP3/PREX1/SLC4A7/ARL13B/TRIO/DEPDC1B/PIK3R1/ARHGAP26/GJA1/NIPSNAP2/CAV1/DOCK8/FNBP1/OPHN1/PAK3",23
"R-HSA-9013420","RHOU GTPase cycle","18/2679","40/11009",0.00335573611954598,0.0813120675120756,0.0746141812491762,"EPHA2/VANGL1/RHOU/DLG5/PEAK1/WWP2/CLTC/TXNL1/ITSN2/SPTBN1/NCK2/NCK1/DEPDC1B/PIK3R1/DST/PTK2B/USP9X/PAK3",18
"R-HSA-9013423","RAC3 GTPase cycle","35/2679","94/11009",0.00349306637445254,0.083357265753981,0.0764909111981393,"EPHA2/VANGL1/ABL2/ARHGAP21/ABI1/ITGB1/ARHGAP42/ARHGAP32/LEMD3/DIAPH3/FERMT2/ARHGAP17/ABR/GARRE1/ARHGAP35/VRK2/ARHGAP15/ABI2/DOCK10/JAG1/PREX1/TIAM1/PGRMC2/TRIO/DEPDC1B/ERBIN/PIK3R1/ARHGAP26/NOX3/BAIAP2L1/CAV1/RAPGEF1/ARHGAP6/NHS/OPHN1",35
"R-HSA-193648","NRAGE signals death through JNK","24/2679","59/11009",0.0039835754655876,0.0904312996011327,0.0829822384978146,"ARHGEF10L/VAV3/NGF/ARHGEF11/ARHGEF12/FGD4/AKAP13/ABR/GNA13/SOS1/BCL2L11/ARHGEF4/PREX1/TIAM1/ITSN1/ARHGEF3/KALRN/ARHGEF26/TRIO/TIAM2/RAC1/ARHGEF10/ARHGEF39/FGD3",24
"R-HSA-9013406","RHOQ GTPase cycle","24/2679","59/11009",0.0039835754655876,0.0904312996011327,0.0829822384978146,"VANGL1/ARHGAP21/ARHGAP32/DIAPH3/PLEKHG3/ARHGAP17/WWP2/TRIP10/ARHGAP35/CDC42EP3/STEAP3/PREX1/ITSN1/SLC4A7/ARL13B/DEPDC1B/ARHGAP26/GFOD1/GJA1/CAV1/CFTR/DLC1/FNBP1/OPHN1",24
"R-HSA-9013404","RAC2 GTPase cycle","32/2679","88/11009",0.00760959359172726,0.139361743104307,0.12788215424041,"EPHA2/VAV3/VANGL1/ARHGAP21/ABI1/ITGB1/DOCK1/ARHGAP42/ARHGAP32/LEMD3/DIAPH3/ARHGAP17/ABR/GARRE1/ARHGAP35/VRK2/ABI2/DOCK10/PREX1/TIAM1/PGRMC2/TRIO/DEPDC1B/ERBIN/PIK3R1/ARHGAP26/DOCK2/BAIAP2L1/DOCK4/CAV1/NHS/OPHN1",32
"R-HSA-9013424","RHOV GTPase cycle","16/2679","38/11009",0.0118710399733784,0.181523184058942,0.166570647761355,"EPHA2/VANGL1/ARHGAP12/DLG5/PEAK1/CLTC/TXNL1/SPTBN1/NCK2/PARD6B/NCK1/SH3RF1/DEPDC1B/PIK3R1/DST/USP9X",16
"R-HSA-204998","Cell death signalling via NRAGE, NRIF and NADE","27/2679","76/11009",0.018664480424171,0.231748340733303,0.212658627787352,"ARHGEF10L/VAV3/NGF/ARHGEF11/TRAF6/ARHGEF12/FGD4/APH1B/AKAP13/ABR/YWHAE/GNA13/SOS1/BCL2L11/ARHGEF4/PREX1/TIAM1/ITSN1/ARHGEF3/KALRN/ARHGEF26/TRIO/TIAM2/RAC1/ARHGEF10/ARHGEF39/FGD3",27
"R-HSA-9696270","RND2 GTPase cycle","17/2679","43/11009",0.0193409825052046,0.237984745669509,0.218381323845772,"EPHA2/VANGL1/DLG5/LEMD3/FRS2/CKAP4/KTN1/TXNL1/ARHGAP35/PKP4/NISCH/DEPDC1B/PIK3R1/LRRC1/DST/CAV1/FNBP1",17
"R-HSA-9734009","Defective Intrinsic Pathway for Apoptosis","11/2679","25/11009",0.0243726817132891,0.262782929147521,0.241136816521,"JUN/LMNA/FASLG/CAPN2/YWHAE/CAPNS1/BCL2L11/APP/CAST/FOXO3/SOD2",11
"R-HSA-9818030","NFE2L2 regulating tumorigenic genes","6/2679","11/11009",0.0301716377138007,0.312633746047606,0.286881292112524,"SP1/BCL2/BCL2L1/EP300/AREG/EGF",6
"R-HSA-140534","Caspase activation via Death Receptors in the presence of ligand","8/2679","17/11009",0.0345038667166348,0.325075751530217,0.298298417277185,"FASLG/FADD/TICAM1/CFLAR/TNFSF10/TMED7-TICAM2/RIPK1/LY96",8
"R-HSA-9696273","RND1 GTPase cycle","15/2679","42/11009",0.0656450926459898,0.451409468351367,0.414225697608306,"EPHA2/VANGL1/RASAL2/DLG5/LEMD3/FRS2/EPSTI1/TXNL1/ARHGAP35/PKP4/DEPDC1B/PIK3R1/DST/CAV1/STMN2",15
"R-HSA-73887","Death Receptor Signaling","46/2679","154/11009",0.0668457663977307,0.451409468351367,0.414225697608306,"ARHGEF10L/VAV3/NGF/OTUD7B/ARHGEF11/FASLG/OPTN/TRAF6/FADD/ARHGEF12/TNFRSF1A/FGD4/APH1B/AKAP13/CYLD/ABR/YWHAE/GNA13/SOS1/RTN4/BCL2L11/ARHGEF4/CFLAR/PREX1/TIAM1/ITSN1/ARHGEF3/KALRN/ARHGEF26/PRKCI/TNFSF10/UBE2D3/TRIO/RIPK1/MAP3K7/HDAC2/TAB2/TIAM2/RAC1/ARHGEF10/NSMAF/RIPK2/ARHGEF39/FGD3/TRAF1/TAB3",46
"R-HSA-2562578","TRIF-mediated programmed cell death","5/2679","10/11009",0.0705058598186897,0.451409468351367,0.414225697608306,"FADD/TICAM1/TMED7-TICAM2/RIPK1/LY96",5
"R-HSA-9617828","FOXO-mediated transcription of cell cycle genes","7/2679","17/11009",0.0949034282588985,0.54190338920604,0.497265399084306,"GADD45A/FOXO1/SMAD3/SMAD4/FOXO3/CAV1/KLF4",7
"R-HSA-6803205","TP53 regulates transcription of several additional cell death genes whose specific roles in p53-dependent apoptosis remain uncertain","6/2679","14/11009",0.100174686827748,0.547157093777957,0.502086342360658,"BCL2L14/BCL6/TP63/PERP/NDRG1/CHM",6
"R-HSA-210500","Glutamate Neurotransmitter Release Cycle","9/2679","24/11009",0.105749586109488,0.551508603054448,0.506079406512119,"PPFIA4/SLC1A2/SLC38A2/PPFIA2/GLS/SNAP25/SLC1A3/RIMS1/UNC13B",9
"R-HSA-5218921","VEGFR2 mediated cell proliferation","8/2679","21/11009",0.11455407349134,0.58311501754564,0.535082318523083,"PRKCZ/AHCYL1/KRAS/ITPR2/PRKCB/CALM2/KDR/RASA1",8
"R-HSA-5689896","Ovarian tumor domain proteases","13/2679","39/11009",0.131482850504716,0.629809176798888,0.577930158559648,"OTUD7B/YOD1/ZRANB1/TRAF6/TRAF3/TNIP1/RIPK1/ESR1/NOD1/VCPIP1/RIPK2/RIGI/VCP",13
"R-HSA-2559585","Oncogene Induced Senescence","11/2679","33/11009",0.157465117523122,0.686259207835857,0.629730253873772,"ETS1/SP1/RB1/TNRC6A/TNRC6C/ID1/ETS2/TNRC6B/TFDP2/E2F3/CDK6",11
"R-HSA-5633008","TP53 Regulates Transcription of Cell Death Genes","14/2679","44/11009",0.162226643204326,0.698117326112794,0.640611588138925,"AIFM2/BCL2L14/CRADD/APAF1/TMEM219/ZNF420/STEAP3/BCL6/TP63/PERP/IGFBP3/BNIP3L/NDRG1/CHM",14
"R-HSA-109606","Intrinsic Pathway for Apoptosis","17/2679","55/11009",0.16267241821168,0.698117326112794,0.640611588138925,"AKT3/APAF1/BMF/UACA/YWHAE/STAT3/NMT1/BCL2/YWHAQ/BCL2L11/BCL2L1/TFDP2/TP63/GSDME/CYCS/PPP3CC/YWHAZ",17
"R-HSA-212676","Dopamine Neurotransmitter Release Cycle","8/2679","23/11009",0.175367214879949,0.719279592281042,0.660030663459897,"PPFIA4/PPFIA2/SNAP25/SYN3/RIMS1/UNC13B/APBA1/CASK",8
"R-HSA-2453902","The canonical retinoid cycle in rods (twilight vision)","8/2679","23/11009",0.175367214879949,0.719279592281042,0.660030663459897,"RPE65/ABCA4/RDH5/HSD17B6/RDH8/DHRS9/LRAT/NAPEPLD",8
"R-HSA-9664433","Leishmania parasite growth and survival","23/2679","79/11009",0.192731273403332,0.766544837399616,0.703402547535286,"GNB1/GNG12/PRKACB/AHCYL1/CD247/ITPR2/CYSLTR2/ADCY9/ADCY7/ADORA2B/GNGT2/CALM2/CREB1/HCK/GGT5/MYH9/PLK2/FYN/IL6/ADCY1/GNAI1/LYN/PRKX",23
"R-HSA-71406","Pyruvate metabolism and Citric Acid (TCA) cycle","16/2679","55/11009",0.247895418842431,0.873457012699841,0.801508089180873,"FH/LDHA/PDHX/ME3/SUCLG1/PDHB/SUCLG2/PDHA2/NNT/ME1/OGDH/DLD/ADHFE1/PDP1/RXRA/PDHA1",16
"R-HSA-181429","Serotonin Neurotransmitter Release Cycle","6/2679","18/11009",0.259811691856143,0.901329107210188,0.827084286850184,"PPFIA4/PPFIA2/SNAP25/SYN3/RIMS1/UNC13B",6
"R-HSA-71403","Citric acid cycle (TCA cycle)","7/2679","22/11009",0.274927130223908,0.906697144378064,0.832010144849511,"FH/ME3/SUCLG1/SUCLG2/NNT/OGDH/DLD",7
"R-HSA-264642","Acetylcholine Neurotransmitter Release Cycle","5/2679","17/11009",0.400638530582945,1,0.917627401837928,"PPFIA4/PPFIA2/SNAP25/RIMS1/UNC13B",5
"R-HSA-109581","Apoptosis","45/2679","180/11009",0.445739417690267,1,0.917627401837928,"OMA1/LMNA/FASLG/PKP1/AKT3/UNC5B/FADD/APAF1/TJP1/BMF/UACA/CDH1/YWHAE/STAT3/NMT1/ROCK1/BCL2/DAPK3/TICAM1/YWHAQ/BCL2L11/CFLAR/BCL2L1/SATB1/CTNNB1/TFDP2/TNFSF10/TP63/ADD1/ARHGAP10/TMED7-TICAM2/RIPK1/H1-2/PSMB1/GSDME/CYCS/SEM1/PPP3CC/LY96/YWHAZ/PTK2/TJP2/DAPK1/GSN/BMX",45
"R-HSA-9013407","RHOH GTPase cycle","10/2679","38/11009",0.449145794970729,1,0.917627401837928,"VANGL1/UACA/ROCK1/ROCK2/SLC4A7/OSBPL11/RHOH/NIPSNAP2/CAV1/VCP",10
"R-HSA-181430","Norepinephrine Neurotransmitter Release Cycle","5/2679","18/11009",0.454802699324023,1,0.917627401837928,"PPFIA4/PPFIA2/SNAP25/RIMS1/UNC13B",5
"R-HSA-2453864","Retinoid cycle disease events","4/2679","14/11009",0.455152104012751,1,0.917627401837928,"ABCA4/RDH5/LRAT/NAPEPLD",4
"R-HSA-112310","Neurotransmitter release cycle","13/2679","51/11009",0.477201477935553,1,0.917627401837928,"PPFIA4/SLC1A2/SLC38A2/PPFIA2/GAD1/GLS/SNAP25/SYN3/SLC1A3/RIMS1/UNC13B/APBA1/CASK",13
"R-HSA-9687139","Aberrant regulation of mitotic cell cycle due to RB1 defects","9/2679","35/11009",0.489075405467063,1,0.917627401837928,"CCND1/RB1/CDC27/UBE2E1/TFDP2/CDC23/E2F3/CCND3/CDK6",9
"R-HSA-9706574","RHOBTB GTPase Cycle","9/2679","35/11009",0.489075405467063,1,0.917627401837928,"SPEN/RHOBTB1/ACTN1/TMOD3/MSI2/ROCK1/TXNL1/ROCK2/TRA2B",9
"R-HSA-9013422","RHOBTB1 GTPase cycle","6/2679","23/11009",0.501780409359669,1,0.917627401837928,"SPEN/RHOBTB1/ROCK1/TXNL1/ROCK2/TRA2B",6
"R-HSA-5357801","Programmed Cell Death","52/2679","213/11009",0.516099442359489,1,0.917627401837928,"OMA1/LMNA/FASLG/PKP1/AKT3/UNC5B/FADD/IL18/APAF1/TJP1/BMF/UACA/CDH1/YWHAE/STAT3/NMT1/CHMP6/ROCK1/BCL2/DAPK3/TICAM1/YWHAQ/PELI1/BCL2L11/IL1A/CFLAR/BCL2L1/SATB1/CTNNB1/TFDP2/TNFSF10/TP63/ADD1/ARHGAP10/IRF2/TMED7-TICAM2/IRF1/RIPK1/H1-2/PRKN/PSMB1/GSDME/CYCS/SEM1/PPP3CC/LY96/YWHAZ/PTK2/TJP2/DAPK1/GSN/BMX",52
"R-HSA-9675126","Diseases of mitotic cell cycle","9/2679","37/11009",0.563856495362828,1,0.917627401837928,"CCND1/RB1/CDC27/UBE2E1/TFDP2/CDC23/E2F3/CCND3/CDK6",9
"R-HSA-6803211","TP53 Regulates Transcription of Death Receptors and Ligands","3/2679","12/11009",0.588545571887773,1,0.917627401837928,"TMEM219/TP63/IGFBP3",3
"R-HSA-6782210","Gap-filling DNA repair synthesis and ligation in TC-NER","15/2679","65/11009",0.640646733534168,1,0.917627401837928,"ERCC6/RFC3/MNAT1/AQR/USP7/ERCC2/POLE4/RBX1/EP300/POLR2H/POLR2B/POLK/CCNH/GTF2H5/RPA3",15
"R-HSA-2892247","POU5F1 (OCT4), SOX2, NANOG activate genes related to proliferation","3/2679","13/11009",0.647083108713469,1,0.917627401837928,"STAT3/FGF2/ZIC3",3
"R-HSA-9013418","RHOBTB2 GTPase cycle","5/2679","23/11009",0.691725325819943,1,0.917627401837928,"ACTN1/TMOD3/MSI2/TXNL1/TRA2B",5
"R-HSA-5675482","Regulation of necroptotic cell death","7/2679","32/11009",0.692767029419038,1,0.917627401837928,"FASLG/FADD/PELI1/CFLAR/TNFSF10/RIPK1/PRKN",7
"R-HSA-162594","Early Phase of HIV Life Cycle","3/2679","14/11009",0.699427928177301,1,0.917627401837928,"CXCR4/XRCC5/XRCC4",3
"R-HSA-9675135","Diseases of DNA repair","11/2679","51/11009",0.728069135587343,1,0.917627401837928,"RAD9A/RFC3/RAD51B/BRIP1/RBBP8/MSH6/BARD1/MLH1/RPA3/SEM1/NBN",11
"R-HSA-141405","Inhibition of the proteolytic activity of APC/C required for the onset of anaphase by mitotic spindle checkpoint components","4/2679","20/11009",0.754260103083195,1,0.917627401837928,"BUB3/CDC27/UBE2E1/CDC23",4
"R-HSA-205043","NRIF signals cell death from the nucleus","3/2679","16/11009",0.785971077261214,1,0.917627401837928,"NGF/TRAF6/APH1B",3
"R-HSA-6804114","TP53 Regulates Transcription of Genes Involved in G2 Cell Cycle Arrest","3/2679","18/11009",0.85075404687574,1,0.917627401837928,"GADD45A/EP300/TFDP2",3
"R-HSA-209560","NF-kB is activated and signals survival","2/2679","13/11009",0.862093805323219,1,0.917627401837928,"NGF/TRAF6",2
"R-HSA-9645723","Diseases of programmed cell death","21/2679","104/11009",0.866329679338586,1,0.917627401837928,"JUN/LMNA/FASLG/CAPN2/FADD/YWHAE/SUZ12/CAPNS1/BCL2L11/APP/CAST/RIPK1/H2BC10/H4C8/H2BC13/PRIM2/FOXO3/SOD2/GSDME/EZH2/POLA1",21
"R-HSA-5696397","Gap-filling DNA repair synthesis and ligation in GG-NER","4/2679","25/11009",0.890861991507568,1,0.917627401837928,"RFC3/POLE4/POLK/RPA3",4
"R-HSA-69618","Mitotic Spindle Checkpoint","22/2679","112/11009",0.901017655861607,1,0.917627401837928,"AHCTF1/BUB3/NUP160/CLIP1/PPP2R5E/DYNC1H1/PAFAH1B1/TAOK1/CDC27/KIF2B/SKA2/NDC80/PPP2R1A/CENPA/CLASP1/SPC25/RANGAP1/UBE2E1/CLASP2/KIF2A/CDC23/MAD1L1",22
"R-HSA-6796648","TP53 Regulates Transcription of DNA Repair Genes","11/2679","62/11009",0.917491175136561,1,0.917627401837928,"JUN/GTF2F2/MNAT1/ERCC2/MLH1/POLR2H/POLR2B/CCNH/GTF2H5/CDK13/FANCC",11
"R-HSA-70635","Urea cycle","1/2679","10/11009",0.938567244801318,1,0.917627401837928,"ARG1",1
"R-HSA-9706019","RHOBTB3 ATPase cycle","1/2679","10/11009",0.938567244801318,1,0.917627401837928,"RHOBTB3",1
"R-HSA-3371497","HSP90 chaperone cycle for steroid hormone receptors (SHR) in the presence of ligand","9/2679","55/11009",0.943578252467969,1,0.917627401837928,"TUBAL3/ACTR1A/CAPZA3/DYNC1H1/DNAJB1/NR3C1/DCTN4/TUBB2B/AR",9
"R-HSA-162587","HIV Life Cycle","28/2679","149/11009",0.957094173471063,1,0.917627401837928,"RCC1/NDC1/TPR/NMT2/NUP160/VPS37C/VPS37B/GTF2F2/MNAT1/NMT1/CHMP6/TAF4B/NEDD4L/ERCC2/CXCR4/XRCC5/TAF4/RANGAP1/NUP210/POLR2H/POLR2B/XRCC4/CCNH/GTF2H5/TAF1L/UBAP1/NCBP1/TAF1",28
"R-HSA-162599","Late Phase of HIV Life Cycle","25/2679","136/11009",0.961444987753319,1,0.917627401837928,"RCC1/NDC1/TPR/NMT2/NUP160/VPS37C/VPS37B/GTF2F2/MNAT1/NMT1/CHMP6/TAF4B/NEDD4L/ERCC2/TAF4/RANGAP1/NUP210/POLR2H/POLR2B/CCNH/GTF2H5/TAF1L/UBAP1/NCBP1/TAF1",25
"R-HSA-69473","G2/M DNA damage checkpoint","16/2679","94/11009",0.966710023817706,1,0.917627401837928,"WEE1/RAD9A/RFC3/YWHAE/BRIP1/RBBP8/YWHAQ/BARD1/NSD2/ABRAXAS1/H2BC10/H4C8/H2BC13/RPA3/NBN/YWHAZ",16
"R-HSA-6804115","TP53 regulates transcription of additional cell cycle genes whose exact role in the p53 pathway remain uncertain","2/2679","20/11009",0.971977753898172,1,0.917627401837928,"TNKS1BP1/PLK2",2
"R-HSA-140342","Apoptosis induced DNA fragmentation","1/2679","13/11009",0.973412823564226,1,0.917627401837928,"H1-2",1
"R-HSA-6791312","TP53 Regulates Transcription of Cell Cycle Genes","5/2679","48/11009",0.995770428549543,1,0.917627401837928,"GADD45A/TNKS1BP1/EP300/TFDP2/PLK2",5
"R-HSA-532668","N-glycan trimming in the ER and Calnexin/Calreticulin cycle","3/2679","35/11009",0.995783671453885,1,0.917627401837928,"UGGT1/VCP/RAD23B",3
"R-HSA-1428517","The citric acid (TCA) cycle and respiratory electron transport","29/2679","178/11009",0.996670317792443,1,0.917627401837928,"FH/COX20/LDHA/PDHX/ME3/NUBPL/COX11/NDUFV2/NDUFA13/COX7A2L/SUCLG1/UQCR10/PDHB/SUCLG2/NDUFB4/PDHA2/NNT/NDUFAF2/ME1/NDUFA4/CYCS/COA1/OGDH/ATP5MF/DLD/ADHFE1/PDP1/RXRA/PDHA1",29
"R-HSA-73894","DNA Repair","60/2679","335/11009",0.998327621327263,1,0.917627401837928,"EYA3/CHD1L/DTL/ERCC6/ASCC1/RAD9A/RFC3/MNAT1/RAD51B/FAN1/AQR/USP7/ERCC4/FTO/BRIP1/NPLOC4/RBBP8/INO80C/ERCC2/ERCC1/PPP5C/MSH6/POLE4/REV1/INO80D/BARD1/XRCC5/COPS7B/EYA2/RBX1/EP300/RAD18/MLH1/ACTL6A/POLR2H/NSD2/POLR2B/ABRAXAS1/POLK/XRCC4/CCNH/H2BC10/H4C8/H2BC13/FANCE/ASCC3/EYA4/GTF2H5/RPA3/SEM1/COPS6/SPIDR/PRKDC/NBN/VCP/FANCC/XPA/RAD23B/ABL1/FANCB",60
"R-HSA-901042","Calnexin/calreticulin cycle","1/2679","26/11009",0.999296612508022,1,0.917627401837928,"UGGT1",1
"R-HSA-169911","Regulation of Apoptosis","4/2679","53/11009",0.999649954445494,1,0.917627401837928,"OMA1/ARHGAP10/PSMB1/SEM1",4
"R-HSA-179419","APC:Cdc20 mediated degradation of cell cycle proteins prior to satisfation of the cell cycle checkpoint","6/2679","73/11009",0.999908919388353,1,0.917627401837928,"BUB3/CDC27/UBE2E1/CDC23/PSMB1/SEM1",6
"R-HSA-174143","APC/C-mediated degradation of cell cycle proteins","7/2679","87/11009",0.999980379734461,1,0.917627401837928,"BUB3/RB1/CDC27/UBE2E1/CDC23/PSMB1/SEM1",7
"R-HSA-453276","Regulation of mitotic cell cycle","7/2679","87/11009",0.999980379734461,1,0.917627401837928,"BUB3/RB1/CDC27/UBE2E1/CDC23/PSMB1/SEM1",7
"R-HSA-69481","G2/M Checkpoints","20/2679","167/11009",0.99998190947649,1,0.917627401837928,"WEE1/RAD9A/RFC3/YWHAE/BRIP1/RBBP8/YWHAQ/BARD1/GTSE1/NSD2/ABRAXAS1/H2BC10/H4C8/H2BC13/PSMB1/RPA3/DBF4/SEM1/NBN/YWHAZ",20
"R-HSA-69620","Cell Cycle Checkpoints","43/2679","292/11009",0.999983788966986,1,0.917627401837928,"COP1/AHCTF1/BUB3/WEE1/NUP160/RAD9A/CLIP1/RFC3/PPP2R5E/DYNC1H1/YWHAE/PAFAH1B1/TAOK1/CDC27/KIF2B/SKA2/BRIP1/NDC80/RBBP8/PPP2R1A/YWHAQ/CENPA/CLASP1/SPC25/BARD1/RANGAP1/GTSE1/UBE2E1/CLASP2/NSD2/ABRAXAS1/KIF2A/CDC23/H2BC10/H4C8/H2BC13/PSMB1/MAD1L1/RPA3/DBF4/SEM1/NBN/YWHAZ",43
"R-HSA-69613","p53-Independent G1/S DNA damage checkpoint","2/2679","52/11009",0.999991353573604,1,0.917627401837928,"PSMB1/SEM1",2
"R-HSA-8852276","The role of GTSE1 in G2/M progression after G2 checkpoint","5/2679","77/11009",0.999992267786331,1,0.917627401837928,"TUBAL3/GTSE1/TUBB2B/PSMB1/SEM1",5
"R-HSA-69580","p53-Dependent G1/S DNA damage checkpoint","3/2679","66/11009",0.999997635693686,1,0.917627401837928,"COP1/PSMB1/SEM1",3
"R-HSA-69615","G1/S DNA Damage Checkpoints","3/2679","68/11009",0.999998571429532,1,0.917627401837928,"COP1/PSMB1/SEM1",3
