ID,Description,GeneRatio,BgRatio,RichFactor,FoldEnrichment,zScore,pvalue,p.adjust,qvalue,geneID,Count
GO:0030335,positive regulation of cell migration,129/2235,446/13083,0.289237668161435,1.6931080145664672,6.760010261738307,1.947949983715816e-10,5.332513080422047e-7,4.350079884687478e-7,THBS1/DDR2/ITGB3/CCN1/DAB2/CEMIP/SEMA3C/CAV1/PREX1/TACR1/SEMA6A/RHOJ/PRKD1/KITLG/HDAC9/FN1/ETS1/AMOT/SH3RF2/RIPOR2/SEMA5A/MET/MCU/RIN2/TIAM1/SYNE2/ANO6/FAT1/PODXL/NRP1/KDR/EGFR/ITGA6/MGAT5/IL6/VEGFC/PLK2/TGFBR2/PDGFC/FGF7/ABL2/ANXA1/ACTN4/SEMA3A/EDN1/FGF2/CCL2/SOD2/CSF1/FOXP1/JAK2/ANGPT1/BCAS3/ACVR1/ANXA3/TWIST1/SHTN1/CDH13/PIK3R1/SRGAP2C/RDX/CASP8/DOCK4/SMAD3/DOCK5/IRS2/OXSR1/ADAM9/TMSB4X/PAK1/RTN4/F2R/SOX9/APC/PTPRJ/EZH2/HIF1A/ADAM10/SWAP70/F2RL1/ACTA2/PLAU/PPP3CA/CXCL13/S1PR1/LAMB1/RRAS2/SDCBP/TGFB2/AQP1/MAPRE2/PTK2/ZNF703/ATM/PTK2B/STAT3/CARMIL1/PIK3CB/NRP2/PDGFD/MMP2/CGA/AKAP12/IGF1R/IL12A/FGF1/ZNF609/CRIPTO/ELP3/SPARC/RAPGEF2/SNAI2/WNT5A/DAPK2/CCN4/MIR222/RHOB/ITGAV/EPB41L5/GAB1/PRKCE/HMGB1/SRC/SERPINE1/FGF18/IL1A/JAM3/CXCL8/PTPRC,129
GO:2000147,positive regulation of cell motility,131/2235,461/13083,0.2841648590021692,1.6634133558502817,6.582207713767446,5.036106486341369e-10,8.629632462806967e-7,7.039755931687567e-7,THBS1/DDR2/ITGB3/CCN1/DAB2/CEMIP/SEMA3C/CAV1/PREX1/TACR1/SEMA6A/RHOJ/PRKD1/KITLG/HDAC9/FN1/ETS1/AMOT/SH3RF2/RIPOR2/SEMA5A/MET/MCU/RIN2/TIAM1/SYNE2/ANO6/FAT1/PODXL/NRP1/CAVIN1/KDR/EGFR/ITGA6/MGAT5/IL6/VEGFC/PLK2/TGFBR2/PDGFC/FGF7/ABL2/ANXA1/ACTN4/SEMA3A/EDN1/FGF2/CCL2/SOD2/CSF1/FOXP1/JAK2/ANGPT1/BCAS3/ACVR1/ANXA3/TWIST1/SHTN1/CDH13/PIK3R1/SRGAP2C/RDX/CASP8/DOCK4/SMAD3/DOCK5/IRS2/OXSR1/ADAM9/TMSB4X/PAK1/RTN4/F2R/SOX9/APC/PTPRJ/EZH2/HIF1A/ADAM10/SWAP70/F2RL1/ACTA2/PLAU/PPP3CA/CXCL13/S1PR1/LAMB1/SPOCK2/RRAS2/SDCBP/TGFB2/AQP1/MAPRE2/PTK2/ZNF703/ATM/PTK2B/STAT3/CARMIL1/PIK3CB/NRP2/PDGFD/MMP2/CGA/AKAP12/IGF1R/IL12A/FGF1/ZNF609/CRIPTO/ELP3/SPARC/RAPGEF2/SNAI2/WNT5A/DAPK2/CCN4/MIR222/RHOB/ITGAV/EPB41L5/GAB1/PRKCE/HMGB1/SRC/SERPINE1/FGF18/IL1A/JAM3/CXCL8/PTPRC,131
GO:0040017,positive regulation of locomotion,133/2235,473/13083,0.28118393234672306,1.6459639314953816,6.495046939414309,7.880942888408189e-10,8.629632462806967e-7,7.039755931687567e-7,THBS1/DDR2/ITGB3/CCN1/DAB2/CEMIP/SEMA3C/CAV1/PREX1/TACR1/SEMA6A/RHOJ/PRKD1/KITLG/HDAC9/FN1/ETS1/AMOT/SH3RF2/RIPOR2/SEMA5A/MET/MCU/RIN2/TIAM1/SYNE2/ANO6/FAT1/PODXL/NRP1/CAVIN1/KDR/EGFR/ITGA6/MGAT5/IL6/SLIT2/VEGFC/PLK2/TGFBR2/PDGFC/FGF7/ABL2/ANXA1/ACTN4/SEMA3A/EDN1/SCG2/FGF2/CCL2/SOD2/CSF1/FOXP1/JAK2/ANGPT1/BCAS3/ACVR1/ANXA3/TWIST1/SHTN1/CDH13/PIK3R1/SRGAP2C/RDX/CASP8/DOCK4/SMAD3/DOCK5/IRS2/OXSR1/ADAM9/TMSB4X/PAK1/RTN4/F2R/SOX9/APC/PTPRJ/EZH2/HIF1A/ADAM10/SWAP70/F2RL1/ACTA2/PLAU/PPP3CA/CXCL13/S1PR1/LAMB1/SPOCK2/RRAS2/SDCBP/TGFB2/AQP1/MAPRE2/PTK2/ZNF703/ATM/PTK2B/STAT3/CARMIL1/PIK3CB/NRP2/PDGFD/MMP2/CGA/AKAP12/IGF1R/IL12A/FGF1/ZNF609/CRIPTO/ELP3/SPARC/RAPGEF2/SNAI2/WNT5A/DAPK2/CCN4/MIR222/RHOB/ITGAV/EPB41L5/GAB1/PRKCE/HMGB1/SRC/SERPINE1/FGF18/IL1A/JAM3/CXCL8/PTPRC,133
GO:0045785,positive regulation of cell adhesion,106/2235,369/13083,0.2872628726287263,1.68154817118641,6.027949901005339,1.2460568667747556e-8,6.822161345591787e-6,5.565283458658198e-6,ITGB3/ABI3BP/CCN1/DAB2/CAV1/PREX1/ADAM19/PCK1/VCAM1/CDK6/KITLG/FN1/COL8A1/AFDN/ETS1/RIN2/DUSP10/CCDC80/TPM1/PODXL/NRP1/KDR/ITGA6/TGM2/IL6/FBXO38/FMN1/IL18/SOCS5/TGFBR2/NFKBIZ/CITED2/PTPRU/PLEKHA2/ABL2/ANXA1/RIPK2/SOX4/FRMD5/CCL2/CSF1/JAK2/ANGPT1/IL7R/PDCD1LG2/SHB/CD44/UTRN/CDH13/NPNT/MYO10/SMAD3/DOCK5/ADAM9/TNFSF4/SLC7A1/PTPRJ/ANK3/LIMS1/PPP3CA/CXCL13/ST3GAL4/LAMB1/JAK1/SPOCK2/S100A10/CD70/LAMA2/TGFB2/NCK2/ZFHX3/ATM/PTK2B/CARMIL1/EFNB2/CYRIB/CD36/ARID1B/IL12A/ARID1A/BRD7/SHH/OPA1/AGR2/VAV3/SMAD7/WNT5A/SMARCA2/ITPKB/BRAF/GSK3B/ITGAV/EPB41L5/NFAT5/CYTH3/PRKCE/DPP4/NCK1/HMGB1/SRC/HTR2A/PIK3CA/IL1A/SKAP1/PTPRC/GLI3,106
GO:0007160,cell-matrix adhesion,65/2235,195/13083,0.3333333333333333,1.9512304250559285,6.074510296829032,2.137317740622651e-8,9.751512191590844e-6,7.954946643387638e-6,THBS1/CCN2/ITGB3/CDH11/ITGB8/LIMCH1/EPHA3/VCAM1/CDK6/FN1/PTPRK/RIN2/TIAM1/NRP1/KDR/ITGA6/FMN1/PLEKHA2/SORBS1/CSF1/ITGB5/CD44/UTRN/CDH13/PIK3R1/NF2/JAG1/PHLDB2/NPNT/SMAD3/SGCE/ADAM9/STON1/PTPRJ/ITGBL1/LIMS1/PLAU/RASA1/ADAMTS12/S100A10/BCAM/VCL/CTNNB1/PTK2/PTK2B/PIK3CB/CD36/CORO1C/PIP5K1A/MKLN1/EFNA5/GSK3B/ITGAV/EPB41L5/BST1/MUC4/ARHGAP6/NID2/SRC/SERPINE1/DLC1/SKAP1/JAM3/MACF1/ITGA11,65
GO:0031589,cell-substrate adhesion,89/2235,300/13083,0.2966666666666667,1.7365950782997766,5.858332854535284,3.637102796579226e-8,1.3275425207514175e-5,1.0829633098867126e-5,THBS1/CCN2/ITGB3/ABI3BP/CDH11/PARVA/CCN1/ITGB8/DAB2/LIMCH1/EPHA3/PREX1/VCAM1/CDK6/FN1/COL8A1/NTN4/PTPRK/RIN2/CCDC80/TIAM1/NRP1/KDR/ITGA6/FMN1/PLEKHA2/SORBS1/ACTN4/KANK1/CSF1/JAK2/ANGPT1/ITGB5/CD44/UTRN/CDH13/PIK3R1/NF2/JAG1/PHLDB2/EFNA1/NPNT/SMAD3/DOCK5/SGCE/ADAM9/STON1/PTPRJ/ITGBL1/LIMS1/PLAU/LAMB1/RASA1/ADAMTS12/SPOCK2/S100A10/BCAM/VCL/CTNNB1/PTK2/PTK2B/PTPRO/CARMIL1/PIK3CB/CD36/PKP2/CORO1C/AGR2/PIP5K1A/MKLN1/MERTK/EFNA5/BRAF/GSK3B/ITGAV/EPB41L5/BST1/MUC4/ARHGAP6/ANTXR1/NID2/PRKCE/SRC/SERPINE1/DLC1/SKAP1/JAM3/MACF1/ITGA11,89
GO:0001952,regulation of cell-matrix adhesion,39/2235,104/13083,0.375,2.1951342281879196,5.554100525285475,4.891789914007051e-7,8.927516593062867e-5,7.282759510572601e-5,THBS1/ITGB3/LIMCH1/EPHA3/CDK6/RIN2/NRP1/KDR/FMN1/PLEKHA2/CSF1/UTRN/CDH13/PIK3R1/NF2/JAG1/PHLDB2/SMAD3/PTPRJ/LIMS1/PLAU/RASA1/S100A10/VCL/PTK2/PTK2B/PIK3CB/CD36/CORO1C/EFNA5/GSK3B/EPB41L5/BST1/ARHGAP6/SRC/SERPINE1/DLC1/SKAP1/MACF1,39
GO:0010810,regulation of cell-substrate adhesion,59/2235,185/13083,0.31891891891891894,1.8668528931616182,5.389780499570827,5.248997195491914e-7,9.17400751321242e-5,7.483838284750838e-5,THBS1/ITGB3/ABI3BP/CCN1/DAB2/LIMCH1/EPHA3/PREX1/CDK6/FN1/COL8A1/RIN2/CCDC80/NRP1/KDR/ITGA6/FMN1/PLEKHA2/ACTN4/KANK1/CSF1/JAK2/UTRN/CDH13/PIK3R1/NF2/JAG1/PHLDB2/NPNT/SMAD3/DOCK5/PTPRJ/LIMS1/PLAU/RASA1/SPOCK2/S100A10/VCL/PTK2/PTK2B/PTPRO/CARMIL1/PIK3CB/CD36/PKP2/CORO1C/AGR2/EFNA5/BRAF/GSK3B/EPB41L5/BST1/ARHGAP6/PRKCE/SRC/SERPINE1/DLC1/SKAP1/MACF1,59
GO:0001667,ameboidal-type cell migration,62/2235,199/13083,0.31155778894472363,1.823763110856295,5.315015284937812,6.761374726460411e-7,1.0576721893534498e-4,8.628124199810985e-5,THBS1/AMOTL2/DDR2/ITGB3/SEMA3C/ARID5B/TACR1/SEMA6A/KITLG/FN1/MCC/AMOT/SEMA5A/ZEB2/EDNRB/DUSP10/ANLN/NRP1/TGFBR2/FGF7/CDH2/SEMA3A/EDN1/KANK1/PFN2/FGF2/ACVR1/TWIST1/PITX2/DOCK5/IRS2/EVL/PTPRG/ADAM9/RTN4/SOX9/HIF1A/ACTA2/SGPL1/PTPRR/ZFAND5/TGFB2/AQP1/MAPRE2/PTK2/GNA13/NRP2/AKAP12/CORO1C/SHH/RFFL/PIP5K1A/WNT5A/FBN2/MIR222/BRAF/GJA1/EPB41L5/PRKCE/SMAD4/SRC/MACF1,62
GO:0043542,endothelial cell migration,59/2235,193/13083,0.30569948186528495,1.789470389818131,5.015209038564875,2.4789863954404434e-6,2.513416762043783e-4,2.0503585333048345e-4,THBS1/ITGB3/RHOJ/PRKD1/HDAC9/ETS1/AMOT/CEACAM1/SEMA5A/ZEB2/MET/STARD13/RIN2/LOXL2/MAP2K5/NRP1/KDR/FSTL1/SLIT2/VEGFC/PLK2/SPRED1/ANXA1/STC1/EDN1/SCG2/FGF2/MEF2C/MYH9/FOXP1/ANGPT1/BCAS3/ANXA3/CDH13/EFNA1/FAP/TMSB4X/HIF1A/LGALS8/CXCL13/GPX1/PTK2/PTK2B/EFNB2/PIK3CB/NRP2/FGF1/CRIPTO/MIR2355/SPARC/SNAI2/WNT5A/RHOB/GAB1/DPP4/HMGB1/FGF18/PIK3CA/MIR204,59
GO:0040013,negative regulation of locomotion,74/2235,263/13083,0.2813688212927757,1.6470462143057647,4.811385556474364,4.4957885855492e-6,3.970071371916431e-4,3.2386470235119276e-4,THBS1/TRIB1/CDH11/LIMCH1/MCC/AFDN/RIPOR2/SEMA5A/ZEB2/PTPRK/PLCB1/STARD13/DUSP10/IGFBP3/TPM1/MAP2K5/NRP1/SLIT2/SCAI/NAV3/CITED2/PTPRU/SULF1/SPRED1/STC1/TET1/KANK1/DRD2/PFN2/FGF2/FRMD5/CCL2/MEF2C/DACH1/NF2/JAG1/PHLDB2/EVL/PTPRG/SRGAP1/DPYSL3/ARRDC3/PTPRJ/PTGER4/CXCL13/PTPRR/VCL/GNA13/PTPRO/STAT3/LDLRAD4/MIR2355/CORO1C/SHH/ABHD2/LRCH1/SMAD7/WNT5A/RECK/MCTP1/BRAF/GJA1/GSK3B/RHOB/TMEFF2/RNF20/DPP4/ZMYND8/HMGB1/SERPINE1/DLC1/BMPR1A/MIR204/SRGAP3,74
GO:0006935,chemotaxis,84/2235,309/13083,0.27184466019417475,1.591294715579592,4.774421744322523,4.670309443643717e-6,3.9953037818670856e-4,3.2592307515428106e-4,THBS1/ITGB3/PARVA/CCN1/SEMA3C/PREX1/UNC5C/VCAM1/SEMA6A/PRKD1/AMOT/RIPOR2/SEMA5A/EDNRB/MET/MCU/TIAM1/ANO6/NRP1/KDR/IL6/SLIT2/CXADR/VEGFC/FGF7/ANXA1/PDE4B/CMTM8/LYST/SEMA3A/EDN1/SCG2/FGF2/CCL2/CSF1/ANGPT1/PLXNA4/CDH13/DOCK4/DOCK2/SMAD3/OXSR1/TMSB4X/PTPRJ/ADAM10/SWAP70/F2RL1/PLAU/CXCL13/S1PR1/TGFB2/PTK2/PTK2B/PTPRO/CMTM7/EFNB2/PIK3CB/NRP2/PDGFD/CYRIB/MMP2/KIF21A/CH25H/RALA/IL12A/FGF1/FLRT3/MYCBP2/VAV3/PIP5K1A/GBF1/WNT5A/DAPK2/EFNA5/ITGAV/BST1/GAB1/DPP4/HMGB1/SERPINE1/FGF18/JAM3/CXCL8/BIN2,84
GO:0030336,negative regulation of cell migration,68/2235,238/13083,0.2857142857142857,1.67248322147651,4.752300290282841,6.152524581651715e-6,4.881894505006252e-4,3.982480823790729e-4,THBS1/TRIB1/CDH11/LIMCH1/MCC/AFDN/RIPOR2/ZEB2/PTPRK/PLCB1/STARD13/DUSP10/IGFBP3/TPM1/MAP2K5/SLIT2/SCAI/NAV3/CITED2/PTPRU/SULF1/SPRED1/STC1/TET1/KANK1/DRD2/PFN2/FGF2/CCL2/MEF2C/DACH1/NF2/JAG1/PHLDB2/EVL/PTPRG/SRGAP1/DPYSL3/PTPRJ/PTGER4/CXCL13/PTPRR/VCL/GNA13/STAT3/LDLRAD4/MIR2355/CORO1C/SHH/ABHD2/LRCH1/SMAD7/RECK/MCTP1/BRAF/GJA1/GSK3B/RHOB/TMEFF2/RNF20/DPP4/ZMYND8/HMGB1/SERPINE1/DLC1/BMPR1A/MIR204/SRGAP3,68
GO:0050921,positive regulation of chemotaxis,37/2235,107/13083,0.34579439252336447,2.024173618515963,4.828320083303625,8.753879749734618e-6,5.990936453724629e-4,4.887198918174209e-4,THBS1/PRKD1/RIPOR2/SEMA5A/MET/MCU/TIAM1/ANO6/NRP1/KDR/IL6/SLIT2/VEGFC/EDN1/SCG2/FGF2/CSF1/CDH13/SMAD3/OXSR1/TMSB4X/PTPRJ/ADAM10/SWAP70/F2RL1/CXCL13/S1PR1/PTK2/PTK2B/PDGFD/IL12A/WNT5A/DAPK2/HMGB1/SERPINE1/FGF18/CXCL8,37
GO:0010595,positive regulation of endothelial cell migration,34/2235,96/13083,0.3541666666666667,2.073182326621924,4.790222718422476,1.1146062683519338e-5,7.157401952452492e-4,5.838761160154948e-4,THBS1/ITGB3/RHOJ/PRKD1/HDAC9/ETS1/AMOT/SEMA5A/MET/RIN2/NRP1/KDR/VEGFC/PLK2/ANXA1/EDN1/FGF2/FOXP1/ANGPT1/BCAS3/ANXA3/TMSB4X/HIF1A/PTK2B/PIK3CB/NRP2/FGF1/CRIPTO/SPARC/WNT5A/RHOB/GAB1/HMGB1/FGF18,34
GO:2000146,negative regulation of cell motility,69/2235,248/13083,0.2782258064516129,1.6286479757523271,4.53666199476108,1.4089015132402386e-5,7.950975101941279e-4,6.486130710413237e-4,THBS1/TRIB1/CDH11/LIMCH1/MCC/AFDN/RIPOR2/ZEB2/PTPRK/PLCB1/STARD13/DUSP10/IGFBP3/TPM1/MAP2K5/SLIT2/SCAI/NAV3/CITED2/PTPRU/SULF1/SPRED1/STC1/TET1/KANK1/DRD2/PFN2/FGF2/FRMD5/CCL2/MEF2C/DACH1/NF2/JAG1/PHLDB2/EVL/PTPRG/SRGAP1/DPYSL3/PTPRJ/PTGER4/CXCL13/PTPRR/VCL/GNA13/STAT3/LDLRAD4/MIR2355/CORO1C/SHH/ABHD2/LRCH1/SMAD7/RECK/MCTP1/BRAF/GJA1/GSK3B/RHOB/TMEFF2/RNF20/DPP4/ZMYND8/HMGB1/SERPINE1/DLC1/BMPR1A/MIR204/SRGAP3,69
GO:0050920,regulation of chemotaxis,48/2235,155/13083,0.3096774193548387,1.8127560077938947,4.620206254283715,1.4222053612285147e-5,7.950975101941279e-4,6.486130710413237e-4,THBS1/PRKD1/RIPOR2/SEMA5A/MET/MCU/TIAM1/ANO6/NRP1/KDR/IL6/SLIT2/VEGFC/EDN1/SCG2/FGF2/CCL2/CSF1/PLXNA4/CDH13/SMAD3/OXSR1/TMSB4X/PTPRJ/ADAM10/SWAP70/F2RL1/CXCL13/S1PR1/PTK2/PTK2B/PTPRO/EFNB2/PDGFD/CYRIB/KIF21A/IL12A/FGF1/MYCBP2/WNT5A/DAPK2/BST1/DPP4/HMGB1/SERPINE1/FGF18/JAM3/CXCL8,48
GO:0060326,cell chemotaxis,58/2235,199/13083,0.2914572864321608,1.7061009746720177,4.555845513876087,1.5170720331583563e-5,8.305969381542001e-4,6.775722775464112e-4,THBS1/PARVA/PREX1/VCAM1/PRKD1/RIPOR2/SEMA5A/EDNRB/MET/MCU/TIAM1/ANO6/NRP1/KDR/IL6/SLIT2/CXADR/VEGFC/ANXA1/PDE4B/LYST/EDN1/SCG2/FGF2/CCL2/CSF1/DOCK4/OXSR1/TMSB4X/PTPRJ/ADAM10/SWAP70/F2RL1/CXCL13/S1PR1/TGFB2/PTK2/PTK2B/PTPRO/PDGFD/MMP2/CH25H/IL12A/FGF1/VAV3/PIP5K1A/GBF1/WNT5A/DAPK2/BST1/GAB1/DPP4/HMGB1/SERPINE1/FGF18/JAM3/CXCL8/BIN2,58
GO:0010632,regulation of epithelial cell migration,24/2235,59/13083,0.4067796610169492,2.3811625526106246,4.826136540454412,1.551308953197021e-5,8.409323285894742e-4,6.860035318827472e-4,TACR1/MCC/DUSP10/TGFBR2/FGF7/PFN2/DOCK5/IRS2/EVL/PTPRG/ADAM9/RTN4/SOX9/HIF1A/PTPRR/TGFB2/MAPRE2/PTK2/CORO1C/MIR222/EPB41L5/PRKCE/SRC/MACF1,24
GO:0006929,substrate-dependent cell migration,14/2235,26/13083,0.5384615384615384,3.1519876097057304,4.985465741883597,2.140894449072497e-5,0.001055981721501975,8.614333947287439e-4,FN1/NRP1/SLIT2/VEGFC/SHTN1/STON1/ANKS1A/SDCBP/SNAI2/EPB41L5/NCK1/PTPRC/ITGA11/CD2AP,14
GO:0007157,heterophilic cell-cell adhesion via plasma membrane cell adhesion molecules,14/2235,26/13083,0.5384615384615384,3.1519876097057304,4.985465741883597,2.140894449072497e-5,0.001055981721501975,8.614333947287439e-4,VCAM1/NLGN1/HMCN1/FAT4/CXADR/NECTIN3/CDH2/AMIGO2/CDH4/CADM1/ALCAM/CRB1/PTPRD/CD164,14
GO:0010594,regulation of endothelial cell migration,46/2235,149/13083,0.3087248322147651,1.807179856763209,4.497778035549043,2.3218765440969187e-5,0.0011127935938227617,9.077785568065327e-4,THBS1/ITGB3/RHOJ/PRKD1/HDAC9/ETS1/AMOT/CEACAM1/SEMA5A/MET/STARD13/RIN2/MAP2K5/NRP1/KDR/SLIT2/VEGFC/PLK2/SPRED1/ANXA1/STC1/EDN1/FGF2/MEF2C/FOXP1/ANGPT1/BCAS3/ANXA3/EFNA1/TMSB4X/HIF1A/CXCL13/PTK2/PTK2B/PIK3CB/NRP2/FGF1/CRIPTO/MIR2355/SPARC/WNT5A/RHOB/GAB1/HMGB1/FGF18/MIR204,46
GO:0090130,tissue migration,31/2235,87/13083,0.3563218390804598,2.0857980405770267,4.612164900943262,2.337374671956486e-5,0.0011127935938227617,9.077785568065327e-4,TACR1/KITLG/MCC/ZEB2/DUSP10/ANLN/TGFBR2/FGF7/KANK1/PFN2/DOCK5/IRS2/EVL/PTPRG/ADAM9/RTN4/SOX9/HIF1A/ACTA2/PTPRR/TGFB2/MAPRE2/PTK2/CORO1C/WNT5A/MIR222/EPB41L5/PRKCE/SMAD4/SRC/MACF1,31
GO:0010631,epithelial cell migration,30/2235,85/13083,0.35294117647058826,2.0660086853533364,4.475411129558371,3.8768993776336056e-5,0.0015550230994222883,0.0012685341044650362,TACR1/KITLG/MCC/ZEB2/DUSP10/ANLN/TGFBR2/FGF7/KANK1/PFN2/DOCK5/IRS2/EVL/PTPRG/ADAM9/RTN4/SOX9/HIF1A/PTPRR/TGFB2/MAPRE2/PTK2/CORO1C/WNT5A/MIR222/EPB41L5/PRKCE/SMAD4/SRC/MACF1,30
GO:0090132,epithelium migration,30/2235,85/13083,0.35294117647058826,2.0660086853533364,4.475411129558371,3.8768993776336056e-5,0.0015550230994222883,0.0012685341044650362,TACR1/KITLG/MCC/ZEB2/DUSP10/ANLN/TGFBR2/FGF7/KANK1/PFN2/DOCK5/IRS2/EVL/PTPRG/ADAM9/RTN4/SOX9/HIF1A/PTPRR/TGFB2/MAPRE2/PTK2/CORO1C/WNT5A/MIR222/EPB41L5/PRKCE/SMAD4/SRC/MACF1,30
GO:0007162,negative regulation of cell adhesion,61/2235,221/13083,0.27601809954751133,1.6157247411096602,4.190149196021735,5.588344052192922e-5,0.0020534351466950504,0.0016751214280080935,THBS1/SEMA6A/PAG1/CEACAM1/RIPOR2/SEMA5A/MAP2K5/PODXL/SERPINE2/SOCS5/PAWR/ANXA1/ACTN4/DAB1/KANK1/JAK2/ANGPT1/PDCD1LG2/PLXNA4/CDH13/PIK3R1/NF2/JAG1/PHLDB2/PLXNA2/RDX/TGFBI/TNC/DLG1/ABCA12/TNFSF4/IRF1/MBP/ADAM10/SWAP70/ILDR2/RASA1/PTK2/ZNF703/PTPRO/MMP2/IL20RB/CORO1C/SHH/CBLB/SMAD7/SNAI2/CD164/EFNA5/MIR222/EPB41L5/ARHGAP6/ARG2/IFNB1/HMGB1/SRC/SERPINE1/DLC1/JAM3/PTPRC/GLI3,61
GO:0010811,positive regulation of cell-substrate adhesion,35/2235,108/13083,0.32407407407407407,1.8970295799154862,4.248796754515823,7.133845190925576e-5,0.0023111125692495582,0.001885325764253953,ITGB3/ABI3BP/CCN1/DAB2/PREX1/CDK6/FN1/COL8A1/RIN2/CCDC80/NRP1/KDR/ITGA6/FMN1/PLEKHA2/CSF1/JAK2/UTRN/CDH13/NPNT/SMAD3/DOCK5/PTPRJ/LIMS1/SPOCK2/S100A10/PTK2B/CARMIL1/CD36/AGR2/BRAF/GSK3B/EPB41L5/PRKCE/SKAP1,35
GO:2001026,regulation of endothelial cell chemotaxis,10/2235,17/13083,0.5882352941176471,3.4433478089222267,4.575509111597893,1.2555635444792804e-4,0.0035943687323052365,0.0029321617940247283,THBS1/PRKD1/SEMA5A/MET/KDR/FGF2/TMSB4X/CXCL13/FGF1/FGF18,10
GO:0001764,neuron migration,44/2235,150/13083,0.29333333333333333,1.717082774049217,4.009278993237813,1.318743487940296e-4,0.003702625946909293,0.003020474288437612,UNC5C/FAT3/SEMA6A/ASPM/NAV1/NRP1/MAP1B/IGSF10/DCLK1/DAB1/SEMA3A/DRD2/NEO1/MEF2C/ABI2/MATN2/CTNNA2/TWIST1/SHTN1/SRGAP2C/FGF13/APBB2/CDKL5/DNER/GPM6A/ULK4/ADGRL3/UNC5D/TOP2B/VRK1/CTNNB1/STAT3/NRP2/ABI1/ZNF609/ELP3/AUTS2/ARX/RAPGEF2/LRP12/LRIG2/NR4A2/ASTN2/GJA1,44
GO:0014909,smooth muscle cell migration,24/2235,67/13083,0.3582089552238806,2.0968446358809976,4.085495579487229,1.7233167128618206e-4,0.004471639337876051,0.0036478088364543305,DDR2/ITGB3/TRIB1/PARVA/TACR1/SORL1/IGFBP3/TPM1/FAT1/NRP1/SLIT2/MEF2C/DOCK4/DOCK5/ACE/PLAU/GNA13/GRB10/PDGFD/ABHD2/CCN4/SRC/SERPINE1/BMPR1A,24
GO:0033627,cell adhesion mediated by integrin,24/2235,67/13083,0.3582089552238806,2.0968446358809976,4.085495579487229,1.7233167128618206e-4,0.004471639337876051,0.0036478088364543305,ITGB3/ITGB8/FBN1/VCAM1/PODXL/ITGA6/ITGB5/EFNA1/NPNT/ADAM9/SWAP70/ITGBL1/PLAU/CXCL13/EXT1/TGFB2/PTK2/SNAI2/ITGAV/DPP4/SERPINE1/SKAP1/JAM3/ITGA11,24
GO:0014910,regulation of smooth muscle cell migration,22/2235,60/13083,0.36666666666666664,2.146353467561521,4.039611982702584,2.1578912499183787e-4,0.0052508687081347215,0.00428347722732336,DDR2/ITGB3/TRIB1/TACR1/SORL1/IGFBP3/TPM1/FAT1/NRP1/SLIT2/MEF2C/DOCK4/DOCK5/ACE/PLAU/GNA13/PDGFD/ABHD2/CCN4/SRC/SERPINE1/BMPR1A,22
GO:0001954,positive regulation of cell-matrix adhesion,19/2235,49/13083,0.3877551020408163,2.2697986577181206,4.041988217564397,2.484221310817361e-4,0.005812440887489338,0.004741588403867775,ITGB3/CDK6/RIN2/NRP1/KDR/FMN1/PLEKHA2/CSF1/UTRN/CDH13/SMAD3/PTPRJ/LIMS1/S100A10/PTK2B/CD36/GSK3B/EPB41L5/SKAP1,19
GO:0030595,leukocyte chemotaxis,41/2235,141/13083,0.2907801418439716,1.7021371793041076,3.804799945316675,2.6979667587608203e-4,0.006154736668423122,0.005020821472553579,THBS1/PREX1/RIPOR2/EDNRB/MCU/ANO6/IL6/SLIT2/CXADR/VEGFC/ANXA1/PDE4B/LYST/EDN1/SCG2/CCL2/CSF1/OXSR1/PTPRJ/ADAM10/SWAP70/F2RL1/CXCL13/S1PR1/TGFB2/PTK2/PTK2B/PTPRO/MMP2/CH25H/IL12A/VAV3/GBF1/WNT5A/DAPK2/BST1/DPP4/HMGB1/SERPINE1/JAM3/CXCL8,41
GO:0035767,endothelial cell chemotaxis,12/2235,25/13083,0.48,2.809771812080537,4.111085316451088,3.4611483774368086e-4,0.007490034532200209,0.006110111323263731,THBS1/PRKD1/SEMA5A/MET/NRP1/KDR/FGF2/TMSB4X/CXCL13/FGF1/GAB1/FGF18,12
GO:0048041,focal adhesion assembly,26/2235,78/13083,0.3333333333333333,1.9512304250559285,3.8245368843143823,3.549162201345834e-4,0.007641135772643061,0.006233374493309206,THBS1/CDH11/LIMCH1/EPHA3/PTPRK/NRP1/KDR/FMN1/SORBS1/PHLDB2/SMAD3/STON1/PTPRJ/LIMS1/S100A10/VCL/PTK2/PTK2B/CORO1C/PIP5K1A/EFNA5/EPB41L5/ARHGAP6/SRC/DLC1/MACF1,26
GO:0022407,regulation of cell-cell adhesion,85/2235,351/13083,0.24216524216524216,1.417560565211572,3.5993635795977252,3.568161263460816e-4,0.007641135772643061,0.006233374493309206,CAV1/ADAM19/PCK1/VCAM1/PAG1/KITLG/AFDN/ETS1/CEACAM1/RIPOR2/DUSP10/MAP2K5/PODXL/IL6/FBXO38/SERPINE2/IL18/SOCS5/TGFBR2/NFKBIZ/CITED2/PTPRU/ABL2/PAWR/ANXA1/RIPK2/SOX4/CCL2/JAK2/IL7R/PDCD1LG2/SHB/CD44/NF2/JAG1/RDX/MYO10/DLG1/ABCA12/TNFSF4/IRF1/SLC7A1/ANK3/MBP/SWAP70/PPP3CA/ILDR2/CXCL13/ST3GAL4/JAK1/CD70/ZDHHC2/NCK2/PTK2/ZNF703/EFNB2/CYRIB/ARID1B/IL12A/ARID1A/IL20RB/BRD7/SHH/OPA1/CBLB/SMAD7/WNT5A/SMARCA2/EFNA5/ITPKB/MIR222/EPB41L5/NFAT5/ARG2/IFNB1/DPP4/NCK1/HMGB1/SRC/HTR2A/PIK3CA/IL1A/SKAP1/PTPRC/GLI3,85
GO:0090497,mesenchymal cell migration,17/2235,43/13083,0.3953488372093023,2.314250039019822,3.9180901882484087,3.9787684709066337e-4,0.008251423249323417,0.006731225925859987,SEMA3C/SEMA6A/KITLG/FN1/SEMA5A/EDNRB/NRP1/CDH2/SEMA3A/EDN1/ACVR1/TWIST1/PITX2/HIF1A/NRP2/CORO1C/SHH,17
GO:0022409,positive regulation of cell-cell adhesion,60/2235,232/13083,0.25862068965517243,1.5138856746123583,3.58461930799366,4.384987969008297e-4,0.008891781159377936,0.007253607778753296,CAV1/ADAM19/PCK1/VCAM1/KITLG/AFDN/ETS1/DUSP10/PODXL/IL6/FBXO38/IL18/SOCS5/TGFBR2/NFKBIZ/CITED2/PTPRU/ABL2/ANXA1/RIPK2/SOX4/CCL2/JAK2/IL7R/PDCD1LG2/SHB/CD44/MYO10/TNFSF4/SLC7A1/ANK3/PPP3CA/CXCL13/ST3GAL4/JAK1/CD70/NCK2/EFNB2/CYRIB/ARID1B/IL12A/ARID1A/BRD7/SHH/OPA1/SMAD7/WNT5A/SMARCA2/ITPKB/NFAT5/DPP4/NCK1/HMGB1/SRC/HTR2A/PIK3CA/IL1A/SKAP1/PTPRC/GLI3,60
GO:0014812,muscle cell migration,26/2235,80/13083,0.325,1.9024496644295303,3.6749141494197333,5.527971940527778e-4,0.010436429784272271,0.008513678745429895,DDR2/ITGB3/TRIB1/PARVA/TACR1/SORL1/TCP11L2/IGFBP3/TPM1/FAT1/NRP1/SLIT2/ANXA1/MEF2C/DOCK4/DOCK5/ACE/PLAU/GNA13/GRB10/PDGFD/ABHD2/CCN4/SRC/SERPINE1/BMPR1A,26
GO:0001755,neural crest cell migration,16/2235,41/13083,0.3902439024390244,2.2843673268947455,3.738609259643435,6.941028730608804e-4,0.012459715508223999,0.010164205316297895,SEMA3C/SEMA6A/KITLG/FN1/SEMA5A/EDNRB/NRP1/SEMA3A/EDN1/ACVR1/TWIST1/PITX2/HIF1A/NRP2/CORO1C/SHH,16
GO:0010763,positive regulation of fibroblast migration,8/2235,14/13083,0.5714285714285714,3.34496644295302,3.9845608999708855,8.098941833450967e-4,0.013810368201787692,0.011266021106500395,THBS1/DDR2/ITGB3/ACTA2/AQP1/PTK2/AKAP12/PRKCE,8
GO:0010634,positive regulation of epithelial cell migration,16/2235,42/13083,0.38095238095238093,2.2299776286353468,3.6238265955472535,9.454952367472582e-4,0.015545304568141856,0.01268132223650582,TACR1/TGFBR2/FGF7/DOCK5/IRS2/ADAM9/RTN4/SOX9/HIF1A/TGFB2/MAPRE2/PTK2/MIR222/EPB41L5/PRKCE/SRC,16
GO:0071621,granulocyte chemotaxis,23/2235,70/13083,0.32857142857142857,1.9233557046979866,3.515850012960124,9.521207717550822e-4,0.015607368938200826,0.012731952204717347,THBS1/PREX1/RIPOR2/MCU/SLIT2/CXADR/ANXA1/PDE4B/EDN1/SCG2/CCL2/CSF1/PTPRJ/CXCL13/TGFB2/PTK2/VAV3/GBF1/DAPK2/BST1/DPP4/JAM3/CXCL8,23
GO:0051893,regulation of focal adhesion assembly,20/2235,58/13083,0.3448275862068966,2.018514232816478,3.5285252608941864,0.001018863340654136,0.016358582962115526,0.013344766644221327,THBS1/LIMCH1/EPHA3/NRP1/KDR/FMN1/PHLDB2/SMAD3/PTPRJ/LIMS1/S100A10/VCL/PTK2/CORO1C/EFNA5/EPB41L5/ARHGAP6/SRC/DLC1/MACF1,20
GO:0033628,regulation of cell adhesion mediated by integrin,14/2235,35/13083,0.4,2.3414765100671144,3.6069998012461917,0.0011143882240854525,0.017787975296990822,0.014510815512642548,ITGB3/PODXL/EFNA1/ADAM9/SWAP70/PLAU/CXCL13/TGFB2/PTK2/SNAI2/DPP4/SERPINE1/SKAP1/JAM3,14
GO:0050918,positive chemotaxis,17/2235,47/13083,0.3617021276595745,2.117292588890476,3.4829293817883653,0.0013062113014327755,0.020071789339520446,0.016373872082208172,SEMA5A/MET/NRP1/KDR/VEGFC/FGF7/SCG2/FGF2/ANGPT1/CDH13/SMAD3/PTPRJ/F2RL1/S1PR1/WNT5A/HMGB1/CXCL8,17
GO:0010761,fibroblast migration,18/2235,51/13083,0.35294117647058826,2.0660086853533364,3.4621134359605295,0.0013202443562175764,0.020078716250808974,0.016379522817050223,THBS1/DDR2/ITGB3/ARID5B/ZEB2/FGF2/ACTA2/SGPL1/ZFAND5/AQP1/PTK2/GNA13/AKAP12/CORO1C/RFFL/PIP5K1A/BRAF/PRKCE,18
GO:0043536,positive regulation of blood vessel endothelial cell migration,18/2235,51/13083,0.35294117647058826,2.0660086853533364,3.4621134359605295,0.0013202443562175764,0.020078716250808974,0.016379522817050223,THBS1/RHOJ/PRKD1/HDAC9/ETS1/AMOT/NRP1/KDR/VEGFC/PLK2/ANXA1/FGF2/ANGPT1/TMSB4X/HIF1A/GAB1/HMGB1/FGF18,18
GO:0097529,myeloid leukocyte migration,40/2235,147/13083,0.272108843537415,1.5928411633109623,3.2809379170096498,0.0013399484822131055,0.020321933352123966,0.016577930922963134,THBS1/PREX1/KITLG/RIPOR2/EDNRB/MCU/PLCB1/ANO6/IL6/SLIT2/CXADR/VEGFC/ANXA1/PDE4B/EDN1/SCG2/CCL2/CSF1/PIK3R1/RTN4/PTPRJ/PTGER4/SWAP70/CXCL13/TGFB2/PTK2/PTK2B/PTPRO/PDGFD/MMP2/VAV3/GBF1/DAPK2/BST1/DPP4/HMGB1/SERPINE1/IL1A/JAM3/CXCL8,40
GO:0050900,leukocyte migration,62/2235,252/13083,0.24603174603174602,1.440193885160328,3.202690865652388,0.001399381137691245,0.021048383870493317,0.017170544150445208,THBS1/ITGB3/PREX1/TACR1/VCAM1/KITLG/RIPOR2/EDNRB/MCU/PLCB1/ANO6/GNAI1/ITGA6/IL6/SLIT2/CXADR/VEGFC/ABL2/ANXA1/PDE4B/LYST/EDN1/SCG2/CCL2/MYH9/CSF1/PIK3R1/OXSR1/RTN4/PTPRJ/PTGER4/ADAM10/SWAP70/F2RL1/CXCL13/ST3GAL4/S1PR1/EXT1/TGFB2/PTK2/SOS1/PTK2B/PTPRO/PDGFD/MMP2/CH25H/IL12A/EPS8/VAV3/GBF1/LRCH1/WNT5A/DAPK2/MSN/BST1/DPP4/HMGB1/SRC/SERPINE1/IL1A/JAM3/CXCL8,62
GO:0002688,regulation of leukocyte chemotaxis,27/2235,89/13083,0.30337078651685395,1.775838926174497,3.3334668120292097,0.0014242342208199185,0.0211893542363833,0.01728554290314335,THBS1/RIPOR2/MCU/ANO6/IL6/SLIT2/VEGFC/EDN1/CCL2/CSF1/OXSR1/PTPRJ/ADAM10/SWAP70/F2RL1/CXCL13/PTK2/PTK2B/IL12A/WNT5A/DAPK2/BST1/DPP4/HMGB1/SERPINE1/JAM3/CXCL8,27
GO:0002690,positive regulation of leukocyte chemotaxis,22/2235,68/13083,0.3235294117647059,1.8938412949072245,3.3542372908944613,0.0015285743946890122,0.022023538976111423,0.017966041985222933,THBS1/RIPOR2/MCU/ANO6/IL6/VEGFC/EDN1/CSF1/OXSR1/PTPRJ/ADAM10/SWAP70/F2RL1/CXCL13/PTK2/PTK2B/IL12A/WNT5A/DAPK2/HMGB1/SERPINE1/CXCL8,22
GO:0043534,blood vessel endothelial cell migration,31/2235,108/13083,0.28703703703703703,1.6802261993537162,3.2219036393682785,0.0017955380871906446,0.024909832217290494,0.020320580263968005,THBS1/RHOJ/PRKD1/HDAC9/ETS1/AMOT/STARD13/MAP2K5/NRP1/KDR/SLIT2/VEGFC/PLK2/SPRED1/ANXA1/FGF2/MEF2C/MYH9/ANGPT1/EFNA1/TMSB4X/HIF1A/GPX1/PTK2B/EFNB2/CRIPTO/MIR2355/GAB1/HMGB1/FGF18/MIR204,31
GO:0010762,regulation of fibroblast migration,14/2235,37/13083,0.3783783783783784,2.2149102122256483,3.3589795164347804,0.0020933249594513267,0.02768346413767153,0.022583213330668647,THBS1/DDR2/ITGB3/ZEB2/FGF2/ACTA2/AQP1/PTK2/GNA13/AKAP12/CORO1C/RFFL/BRAF/PRKCE,14
GO:0002687,positive regulation of leukocyte migration,31/2235,109/13083,0.28440366972477066,1.6648112800935904,3.1635571155547946,0.0021066053642557294,0.02779196233566294,0.022671722411000787,THBS1/ITGB3/TACR1/KITLG/RIPOR2/MCU/ANO6/IL6/VEGFC/ABL2/EDN1/CSF1/PIK3R1/OXSR1/RTN4/PTPRJ/ADAM10/SWAP70/F2RL1/CXCL13/PTK2/PTK2B/PDGFD/IL12A/WNT5A/DAPK2/HMGB1/SERPINE1/IL1A/JAM3/CXCL8,31
GO:0014912,negative regulation of smooth muscle cell migration,9/2235,19/13083,0.47368421052631576,2.7728011303426348,3.5099403222527443,0.0021737846771918436,0.028088583136406064,0.022913695409328704,TRIB1/IGFBP3/TPM1/SLIT2/MEF2C/GNA13/ABHD2/SERPINE1/BMPR1A,9
GO:0097530,granulocyte migration,26/2235,88/13083,0.29545454545454547,1.7294996949359367,3.1165873720749655,0.0026117375353276306,0.03257235308865325,0.02657139998176511,THBS1/PREX1/RIPOR2/MCU/SLIT2/CXADR/ANXA1/PDE4B/EDN1/SCG2/CCL2/CSF1/RTN4/PTPRJ/PTGER4/CXCL13/TGFB2/PTK2/VAV3/GBF1/DAPK2/BST1/DPP4/IL1A/JAM3/CXCL8,26
GO:2001028,positive regulation of endothelial cell chemotaxis,7/2235,13/13083,0.5384615384615384,3.1519876097057304,3.523503009219316,0.0027646894223116165,0.03310980504049364,0.02700983471027436,PRKD1/SEMA5A/MET/KDR/FGF2/TMSB4X/FGF18,7
GO:0043535,regulation of blood vessel endothelial cell migration,25/2235,84/13083,0.2976190476190476,1.7421700223713648,3.097341399638185,0.0028035359958535617,0.033295790840126356,0.027161555498131436,THBS1/RHOJ/PRKD1/HDAC9/ETS1/AMOT/STARD13/MAP2K5/NRP1/KDR/VEGFC/PLK2/SPRED1/ANXA1/FGF2/MEF2C/ANGPT1/EFNA1/TMSB4X/HIF1A/MIR2355/GAB1/HMGB1/FGF18/MIR204,25
GO:0050919,negative chemotaxis,14/2235,39/13083,0.358974358974359,2.1013250731371533,3.1263920158804788,0.003693152252809263,0.04012003931671135,0.03272854156612473,ITGB3/SEMA3C/UNC5C/SEMA6A/SEMA5A/SLIT2/SEMA3A/PLXNA4/NRP2/FLRT3/WNT5A/EFNA5/ITGAV/DPP4,14
GO:0033631,cell-cell adhesion mediated by integrin,8/2235,17/13083,0.47058823529411764,2.7546782471377815,3.285879430830182,0.004042091202359116,0.04223368193304611,0.03445277816715494,VCAM1/PODXL/NPNT/ADAM9/SWAP70/CXCL13/DPP4/SKAP1,8
GO:0001953,negative regulation of cell-matrix adhesion,11/2235,28/13083,0.39285714285714285,2.2996644295302016,3.1248041906418953,0.0044126468552635,0.045326907190558464,0.036976124433461106,THBS1/PIK3R1/NF2/JAG1/PHLDB2/RASA1/CORO1C/ARHGAP6/SRC/SERPINE1/DLC1,11
GO:1903039,positive regulation of leukocyte cell-cell adhesion,48/2235,195/13083,0.24615384615384617,1.4409086215797626,2.8156205806700196,0.004506141896330955,0.04611425585497566,0.037618416263909965,CAV1/PCK1/VCAM1/KITLG/ETS1/DUSP10/IL6/FBXO38/IL18/SOCS5/TGFBR2/NFKBIZ/ABL2/ANXA1/RIPK2/SOX4/CCL2/JAK2/IL7R/PDCD1LG2/SHB/CD44/TNFSF4/SLC7A1/PPP3CA/ST3GAL4/CD70/NCK2/EFNB2/CYRIB/ARID1B/IL12A/ARID1A/BRD7/SHH/OPA1/SMARCA2/ITPKB/NFAT5/DPP4/NCK1/HMGB1/SRC/PIK3CA/IL1A/SKAP1/PTPRC/GLI3,48
GO:0010633,negative regulation of epithelial cell migration,7/2235,14/13083,0.5,2.9268456375838925,3.274091111567376,0.004719484661278135,0.04721396530421617,0.03851552122774125,MCC/DUSP10/PFN2/EVL/PTPRG/PTPRR/CORO1C,7
