"pathway","pval","padj","log2err","ES","NES","size","leadingEdge","collection"
"REACTOME_M_PHASE",3.01103042916896e-28,2.11916321604912e-24,1.38026491759359,-0.533007582735969,-2.46308640085251,404,"H2AC4;H3C3;H3C7;H3C2;H4C1;H2BC7;H2BC3;H4C5;H3C11;H2BC1;H3C8;H2BC10;H4C3;H4C4;H3C1;H2AC8;CDCA8;UBE2C;KIF20A;H2BC13;AURKB;BIRC5;SPC25;SPC24;H2BC8;H4C2;H4C16;CCNB1;H2BC9;ZWINT;H4C8;CDC20;NDC80;KIF23;CDK1;H3C10;KNL1;ESPL1;CDCA5;NUF2;NEK2;H2BC15;NCAPG;PLK1;SGO1;PTTG1;CENPJ;SGO2;BUB1B;PLK4;RANGAP1;KIF18A;H2AC20;H4C6;DSN1;LMNB1;HAUS4;BUB1;NCAPG2;SKA2;CENPA;RAN;CENPU;CENPE;H4C14;TMPO;CCNB2;MZT1;HAUS8;H2BC17;H4C9;PSMA1;INCENP;H3C13;NCAPD2;SPDL1;KIF2C;TUBB2B;TUBGCP3;CEP290;CENPI;RANBP2;AKAP9;ANAPC1;MASTL;H3C6;H4C15;CENPF;H2BC26;ERCC6L;TUBG1;TUBB;DYNC1H1;TUBB6;NEK6;H2AC18;H2AC14;H3-4;H2AZ2;CEP78;CENPM;CENPH;LPIN2;HSP90AA1;H2AX","06_Reactome_Pathways"
"REACTOME_CELL_CYCLE_CHECKPOINTS",3.96243654993307e-21,5.57752568768579e-18,1.18665095279281,-0.544607031673782,-2.43861701241938,286,"H4C1;H2BC7;H2BC3;H4C5;H2BC1;H2BC10;H4C3;H4C4;CDCA8;UBE2C;CDC25C;GTSE1;H2BC13;AURKB;BIRC5;SPC25;SPC24;H2BC8;H4C2;H4C16;CCNB1;H2BC9;ZWINT;H4C8;CDC20;NDC80;CDK1;KNL1;NUF2;H2BC15;PLK1;CCNA2;EXO1;SGO1;SGO2;BUB1B;MCM10;RANGAP1;KIF18A;H4C6;DSN1;CDC45;BUB1;SKA2;CENPA;NBN;CDC25A;CENPU;CENPE;H4C14;CCNB2;H2BC17;PKMYT1;BRCA1;H4C9;CDK2;PSMA1;BARD1;INCENP;CHEK1;CDC6;SPDL1;KIF2C;CENPI;RHNO1;RANBP2;MCM6;YWHAH;ANAPC1;BRIP1;H4C15;CENPF;H2BC26;ERCC6L;RFC2;DYNC1H1","06_Reactome_Pathways"
"REACTOME_HATS_ACETYLATE_HISTONES",3.94678468994793e-20,2.77774706478535e-17,1.16017957183021,-0.664907662960287,-2.74282689074075,136,"H2AC4;H3C3;H3C7;H3C2;H4C1;H2BC7;H2BC3;H4C5;H3C11;H2BC1;H3C8;H2BC10;H2AC16;H4C3;H4C4;H3C1;H2AC8;H2BC13;H2BC8;H4C2;H4C16;H2BC9;H4C8;H2AC13;H2AC21;H3C10;H2BC15;H2AC20;H2AC12;H4C6;H4C14;TADA2A;H2BC17;YEATS4;H4C9;H3C13;JADE1;H3C6;H4C15;H2BC26;H2AC15;H2AC18;H2AC14;H2BC18;ACTB;BRD8;JADE2;JADE3;H2AC11","06_Reactome_Pathways"
"REACTOME_CELLULAR_SENESCENCE",5.57522372126627e-19,2.61589497001813e-16,1.12391496374483,-0.594912952845033,-2.54379923564965,186,"H2AC4;H3C3;H3C7;H3C2;H4C1;H2BC7;H1-0;H1-5;H2BC3;H4C5;H3C11;H2BC1;H3C8;H1-3;H2BC10;H4C3;H4C4;H3C1;H2AC8;UBE2C;H2BC13;RNF2;IL6;H2BC8;H4C2;H4C16;H2BC9;H4C8;E2F2;H1-2;H3C10;H2BC15;H1-4;CCNA2;ETS1;CDK6;H2AC20;RELA;H4C6;LMNB1;NBN;H4C14;H2BC17;H4C9;CDK2;H3C13;CEBPB;RPS6KA1;CXCL8;TNIK;ANAPC1;CDKN2D;H3C6;H4C15;H2BC26;H2AC18;RAD50;H2AC14;H3-4;H2AZ2","06_Reactome_Pathways"
"REACTOME_DNA_REPLICATION_PRE_INITIATION",6.16565644427226e-19,2.71211812842426e-16,1.12391496374483,-0.632961753227267,-2.64738820284794,153,"H2AC4;H3C3;H3C7;H3C2;H4C1;H2BC7;H2BC3;H4C5;H3C11;H2BC1;H3C8;H2BC10;H4C3;H4C4;H3C1;H2AC8;UBE2C;H2BC13;H2BC8;H4C2;H4C16;H2BC9;H4C8;H3C10;H2BC15;MCM10;H2AC20;H4C6;CDC45;H4C14;POLA2;H2BC17;H4C9;CDK2;PSMA1;H3C13;CDC6;CDT1;MCM6;ANAPC1;H3C6;H4C15;H2BC26;H2AC18;H2AC14;H2AZ2","06_Reactome_Pathways"
"REACTOME_CHROMATIN_MODIFYING_ENZYMES",1.14147322673891e-18,4.72569915869909e-16,1.11466447751729,-0.541927206341986,-2.40126786210719,264,"H2AC4;H3C3;H3C7;H3C2;H4C1;H2BC7;H2BC3;H4C5;H3C11;H2BC1;H3C8;H2BC10;H2AC16;H4C3;H4C4;H3C1;H2AC8;KDM5D;H2BC13;H2BC8;H4C2;H4C16;H2BC9;H4C8;H2AC13;H2AC21;ARID5B;H3C10;H2BC15;UTY;H2AC20;H2AC12;RELA;H4C6;DPY30;PADI6;H4C14;TADA2A;RIOX2;H2BC17;YEATS4;H4C9;PADI3;H3C13;JADE1;H3C6;H4C15;H2BC26;NCOR2;PRDM16;H2AC15;H2AC18;H2AC14;H2AZ2;H2BC18;ACTB;BRD8;H2AX;CCND1;JADE2;JADE3;H2AC11;EZH2;SAP30;H2AC25;SETD1B;RCOR1;KDM5A;NFKB2;H2BC21;H2AC7;TBL1XR1;YEATS2;AEBP2;NSD2","06_Reactome_Pathways"
"REACTOME_POSITIVE_EPIGENETIC_REGULATION_OF_RRNA_EXPRESSION",1.3970091611779e-18,5.37720896265559e-16,1.11466447751729,-0.708944456791127,-2.78173728241053,99,"H2AC4;H3C3;H3C7;H3C2;H4C1;H2BC7;H2BC3;H4C5;H3C11;H2BC1;H3C8;H2BC10;H4C3;H4C4;H3C1;H2AC8;H2BC13;H2BC8;H4C2;H4C16;H2BC9;H4C8;H3C10;H2BC15;POLR1F;TAF1B;H2AC20;H4C6;H4C14;H2BC17;H4C9;H3C13;H3C6;H4C15;H2BC26;H2AC18;H2AC14;H2AZ2;MYO1C;ACTB;DEK;H2AX","06_Reactome_Pathways"
"REACTOME_RNA_POLYMERASE_I_TRANSCRIPTION",1.4516477733796e-18,5.37720896265559e-16,1.11466447751729,-0.702148208822222,-2.77945451980677,104,"H2AC4;H3C3;H3C7;H3C2;H4C1;H2BC7;H2BC3;H4C5;H3C11;H2BC1;H3C8;H2BC10;H4C3;H4C4;H3C1;H2AC8;H2BC13;H2BC8;H4C2;H4C16;H2BC9;H4C8;H3C10;H2BC15;POLR1F;TAF1B;H2AC20;H4C6;H4C14;CAVIN1;H2BC17;H4C9;H3C13;CCNH;H3C6;H4C15;H2BC26;ERCC2;H2AC18;H2AC14;H2AZ2","06_Reactome_Pathways"
"REACTOME_MITOTIC_PROPHASE",1.56727993487526e-18,5.51525809082606e-16,1.11466447751729,-0.64508381561736,-2.65358903869,135,"H2AC4;H3C3;H3C7;H3C2;H4C1;H2BC7;H2BC3;H4C5;H3C11;H2BC1;H3C8;H2BC10;H4C3;H4C4;H3C1;H2AC8;H2BC13;H2BC8;H4C2;H4C16;CCNB1;H2BC9;H4C8;CDK1;H3C10;H2BC15;PLK1;H2AC20;H4C6;LMNB1;NCAPG2;H4C14;TMPO;CCNB2;H2BC17;H4C9;H3C13;RANBP2;MASTL;H3C6;H4C15;H2BC26;NEK6;H2AC18;H2AC14;H3-4;H2AZ2","06_Reactome_Pathways"
"REACTOME_NEGATIVE_EPIGENETIC_REGULATION_OF_RRNA_EXPRESSION",1.7908655519463e-18,6.00195797838002e-16,1.10533657731401,-0.703814864636463,-2.77588349425909,102,"H2AC4;H3C3;H3C7;H3C2;H4C1;H2BC7;H2BC3;H4C5;H3C11;H2BC1;H3C8;H2BC10;H4C3;H4C4;H3C1;H2AC8;H2BC13;H2BC8;H4C2;H4C16;H2BC9;H4C8;H3C10;H2BC15;POLR1F;TAF1B;H2AC20;H4C6;H4C14;H2BC17;H4C9;H3C13;DNMT3B;CCNH;H3C6;H4C15;H2BC26;ERCC2;H2AC18;H2AC14;H2AZ2","06_Reactome_Pathways"
"REACTOME_DNA_REPLICATION",2.64292691808215e-18,8.45496347702825e-16,1.10533657731401,-0.602228271362675,-2.56736635558641,180,"H2AC4;H3C3;H3C7;H3C2;H4C1;H2BC7;H2BC3;H4C5;H3C11;H2BC1;H3C8;H2BC10;H4C3;H4C4;H3C1;H2AC8;UBE2C;H2BC13;H2BC8;H4C2;H4C16;H2BC9;H4C8;H3C10;H2BC15;CCNA2;MCM10;GINS1;H2AC20;H4C6;CDC45;GINS2;H4C14;POLA2;H2BC17;H4C9;CDK2;PSMA1;H3C13;FEN1;CDC6;CDT1;MCM6;ANAPC1;H3C6;H4C15;H2BC26;RFC2;POLD2;H2AC18;H2AC14;H2AZ2","06_Reactome_Pathways"
"REACTOME_DISEASES_OF_PROGRAMMED_CELL_DEATH",3.92031010644712e-18,1.19961489257282e-15,1.0959292864312,-0.708956720919655,-2.76281283300597,95,"H2AC4;H3C3;H3C7;H3C2;H4C1;H2BC7;H2BC3;H4C5;H3C11;H2BC1;H3C8;H2BC10;H4C3;H4C4;H3C1;H2AC8;CDC25C;H2BC13;H2BC8;H4C2;H4C16;H2BC9;H4C8;H3C10;H2BC15;CAPNS2;H2AC20;H4C6;LMNB1;CDC25A;H4C14;MLKL;POLA2;H2BC17;H4C9;H3C13;DNMT3B;CAST;H3C6;H4C15;H2BC26;H2AC18;H2AC14;H2AZ2;SOD2","06_Reactome_Pathways"
"REACTOME_RHO_GTPASE_EFFECTORS",4.81629447792544e-18,1.41237835565163e-15,1.0959292864312,-0.504750392820719,-2.27748293673266,305,"H2AC4;H3C3;H3C7;H3C2;H4C1;H2BC7;H2BC3;H4C5;H3C11;H2BC1;H3C8;H2BC10;H4C3;H4C4;H3C1;H2AC8;IQGAP3;CDCA8;CDC25C;H2BC13;AURKB;BIRC5;SPC25;SPC24;H2BC8;H4C2;H4C16;H2BC9;ZWINT;H4C8;CDC20;NDC80;DIAPH3;H3C10;KNL1;NUF2;H2BC15;PLK1;SGO1;SGO2;BUB1B;RANGAP1;KIF18A;H2AC20;H4C6;DSN1;BUB1;SKA2;CENPA;CENPU;CENPE;H4C14;PFN2;H2BC17;H4C9;FMNL1;INCENP;NOX1;H3C13;AR;KIF14;SPDL1;KIF2C;TUBB2B;CENPI;RANBP2;YWHAH;H3C6;PPP1R12A;H4C15;PRC1;CENPF;H2BC26;ERCC6L;DYNC1H1;TUBB6;H2AC18;MYH9;H2AC14;H2AZ2;CENPM;ABI2;ACTB;CENPH;H2AX;MAD2L1;RHOQ;MYH11;NF2;RHPN2;TUBA4B;PRKCZ;CENPL","06_Reactome_Pathways"
"REACTOME_HCMV_LATE_EVENTS",1.04676411129222e-17,2.94685032610985e-15,1.0864405425825,-0.688867176757265,-2.74649572877715,109,"H2AC4;H3C3;H3C7;H3C2;H4C1;H2BC7;H2BC3;H4C5;H3C11;H2BC1;H3C8;H2BC10;H2AC16;H4C3;H4C4;H3C1;H2AC8;H2BC13;H2BC8;H4C2;H4C16;H2BC9;H4C8;H2AC13;H2AC21;H3C10;H2BC15;VPS25;H2AC20;H2AC12;H4C6;H4C14;H2BC17;H4C9;H3C13;RANBP2;H3C6;H4C15;H2BC26;H2AC15;H2AC18;H2AC14;H2BC18","06_Reactome_Pathways"
"REACTOME_HDACS_DEACETYLATE_HISTONES",1.12664843564838e-17,3.04975065003589e-15,1.0864405425825,-0.722320237123123,-2.78208085575139,88,"H2AC4;H3C3;H3C7;H3C2;H4C1;H2BC7;H2BC3;H4C5;H3C11;H2BC1;H3C8;H2BC10;H2AC16;H4C3;H4C4;H3C1;H2AC8;H2BC13;H2BC8;H4C2;H4C16;H2BC9;H4C8;H2AC13;H2AC21;H3C10;H2BC15;H2AC20;H2AC12;H4C6;H4C14;H2BC17;H4C9;H3C13;H3C6;H4C15;H2BC26;NCOR2;H2AC15;H2AC18;H2AC14;H2BC18","06_Reactome_Pathways"
"REACTOME_B_WICH_COMPLEX_POSITIVELY_REGULATES_RRNA_EXPRESSION",6.85189531511764e-17,1.72227282956421e-14,1.05746357275086,-0.724484989707235,-2.76397605286785,84,"H2AC4;H3C3;H3C7;H3C2;H4C1;H2BC7;H2BC3;H4C5;H3C11;H2BC1;H3C8;H2BC10;H4C3;H4C4;H3C1;H2AC8;H2BC13;H2BC8;H4C2;H4C16;H2BC9;H4C8;H3C10;H2BC15;POLR1F;TAF1B;H2AC20;H4C6;H4C14;H2BC17;H4C9;H3C13;H3C6;H4C15;H2BC26;H2AC18;H2AC14;H2AZ2;MYO1C;ACTB;DEK;H2AX","06_Reactome_Pathways"
"REACTOME_RNA_POLYMERASE_I_PROMOTER_ESCAPE",1.51719353241564e-16,3.68207175211768e-14,1.04762648849882,-0.72063191184735,-2.74927621079263,84,"H2AC4;H3C3;H3C7;H3C2;H4C1;H2BC7;H2BC3;H4C5;H3C11;H2BC1;H3C8;H2BC10;H4C3;H4C4;H3C1;H2AC8;H2BC13;H2BC8;H4C2;H4C16;H2BC9;H4C8;H3C10;H2BC15;POLR1F;TAF1B;H2AC20;H4C6;H4C14;H2BC17;H4C9;H3C13;CCNH;H3C6;H4C15;H2BC26;ERCC2;H2AC18;H2AC14;H2AZ2","06_Reactome_Pathways"
"REACTOME_SENESCENCE_ASSOCIATED_SECRETORY_PHENOTYPE_SASP",1.67585775221776e-16,3.93156228670286e-14,1.04762648849882,-0.681842555447536,-2.68922353086118,102,"H2AC4;H3C3;H3C7;H3C2;H4C1;H2BC7;H2BC3;H4C5;H3C11;H2BC1;H3C8;H2BC10;H4C3;H4C4;H3C1;H2AC8;UBE2C;H2BC13;IL6;H2BC8;H4C2;H4C16;H2BC9;H4C8;H3C10;H2BC15;CCNA2;CDK6;H2AC20;RELA;H4C6;H4C14;H2BC17;H4C9;CDK2;H3C13;CEBPB;RPS6KA1;CXCL8;ANAPC1;CDKN2D;H3C6;H4C15;H2BC26;H2AC18;H2AC14;H2AZ2","06_Reactome_Pathways"
"REACTOME_SIRT1_NEGATIVELY_REGULATES_RRNA_EXPRESSION",2.42810322011095e-16,5.34030951973152e-14,1.03769615548758,-0.767285177869996,-2.77031813963545,61,"H2AC4;H3C3;H3C7;H3C2;H4C1;H2BC7;H2BC3;H4C5;H3C11;H2BC1;H3C8;H2BC10;H4C3;H4C4;H3C1;H2AC8;H2BC13;H2BC8;H4C2;H4C16;H2BC9;H4C8;H3C10;H2BC15;TAF1B;H2AC20;H4C6;H4C14;H2BC17;H4C9;H3C13;H3C6;H4C15;H2BC26;H2AC18;H2AC14;H2AZ2","06_Reactome_Pathways"
"REACTOME_CONDENSATION_OF_PROPHASE_CHROMOSOMES",2.5848190925439e-16,5.51271417373453e-14,1.03769615548758,-0.758110308397379,-2.77526213081427,67,"H2AC4;H3C3;H3C7;H3C2;H4C1;H2BC7;H2BC3;H4C5;H3C11;H2BC1;H3C8;H2BC10;H4C3;H4C4;H3C1;H2AC8;H2BC13;H2BC8;H4C2;H4C16;CCNB1;H2BC9;H4C8;CDK1;H3C10;H2BC15;PLK1;H2AC20;H4C6;NCAPG2;H4C14;H2BC17;H4C9;H3C13;H3C6;H4C15;H2BC26;H2AC18;H2AC14;H3-4;H2AZ2","06_Reactome_Pathways"
"REACTOME_ERCC6_CSB_AND_EHMT2_G9A_POSITIVELY_REGULATE_RRNA_EXPRESSION",3.07120491101057e-16,6.35739416579189e-14,1.03769615548758,-0.754942719297018,-2.78250893934804,69,"H2AC4;H3C3;H3C7;H3C2;H4C1;H2BC7;H2BC3;H4C5;H3C11;H2BC1;H3C8;H2BC10;H4C3;H4C4;H3C1;H2AC8;H2BC13;H2BC8;H4C2;H4C16;H2BC9;H4C8;H3C10;H2BC15;H2AC20;H4C6;H4C14;H2BC17;H4C9;H3C13;H3C6;H4C15;H2BC26;H2AC18;H2AC14;H2AZ2","06_Reactome_Pathways"
"REACTOME_TRANSCRIPTIONAL_REGULATION_BY_SMALL_RNAS",5.66250459925938e-16,1.13864878198822e-13,1.02766987054358,-0.684451252573805,-2.69279044029328,100,"H2AC4;H3C3;H3C7;H3C2;H4C1;H2BC7;H2BC3;H4C5;H3C11;H2BC1;H3C8;H2BC10;H4C3;H4C4;H3C1;H2AC8;H2BC13;H2BC8;H4C2;H4C16;H2BC9;H4C8;H3C10;H2BC15;H2AC20;H4C6;RAN;H4C14;H2BC17;H4C9;H3C13;RANBP2;POLR2B;H3C6;H4C15;H2BC26;H2AC18;H2AC14;H2AZ2","06_Reactome_Pathways"
"REACTOME_HCMV_INFECTION",6.7150074561727e-16,1.31278395768176e-13,1.02766987054358,-0.603563359682496,-2.52424882875682,152,"H2AC4;H3C3;H3C7;H3C2;H4C1;H2BC7;H2BC3;H4C5;H3C11;H2BC1;H3C8;H2BC10;H2AC16;H4C3;H4C4;H3C1;H2AC8;H2BC13;H2BC8;H4C2;H4C16;H2BC9;H4C8;H2AC13;H2AC21;H3C10;H2BC15;VPS25;H2AC20;H2AC12;H4C6;H4C14;H2BC17;H4C9;EGFR;H3C13;TUBB2B;RANBP2;H3C6;H4C15;H2BC26;NCOR2;DYNC1H1;TUBB6;H2AC15;H2AC18;H2AC14;H2BC18","06_Reactome_Pathways"
"REACTOME_RUNX1_REGULATES_GENES_INVOLVED_IN_MEGAKARYOCYTE_DIFFERENTIATION_AND_PLATELET_FUNCTION",9.07721868728903e-16,1.68119645055632e-13,1.01754479730988,-0.699014347126648,-2.69231614052801,88,"H2AC4;H3C3;H3C7;H3C2;H4C1;H2BC7;H2BC3;H4C5;THBS1;H3C11;H2BC1;H3C8;H2BC10;H4C3;H4C4;H3C1;H2AC8;H2BC13;H2BC8;H4C2;H4C16;H2BC9;H4C8;H3C10;H2BC15;NFE2;H2AC20;H4C6;DPY30;H4C14;H2BC17;H4C9;GATA1;H3C13;H3C6;H4C15;H2BC26;H2AC18;H2AC14;GP1BA;H2AZ2","06_Reactome_Pathways"
"REACTOME_ACTIVATION_OF_ANTERIOR_HOX_GENES_IN_HINDBRAIN_DEVELOPMENT_DURING_EARLY_EMBRYOGENESIS",1.38398368450851e-15,2.37572613940753e-13,1.01754479730988,-0.650748784470683,-2.61754787660283,115,"H2AC4;H3C3;H3C7;H3C2;H4C1;H2BC7;H2BC3;H4C5;H3C11;H2BC1;H3C8;H2BC10;H4C3;H4C4;H3C1;H2AC8;H2BC13;AJUBA;H2BC8;H4C2;H4C16;RARB;H2BC9;H4C8;H3C10;H2BC15;H2AC20;H4C6;DPY30;H4C14;H2BC17;HOXB4;H4C9;HOXD4;HOXA3;H3C13;HOXD3;POLR2B;H3C6;H4C15;H2BC26;HOXA2;H2AC18;H2AC14;H2AZ2;PBX1;RARA;H2AX;RARG","06_Reactome_Pathways"
"REACTOME_REGULATION_OF_ENDOGENOUS_RETROELEMENTS_BY_THE_HUMAN_SILENCING_HUB_HUSH_COMPLEX",1.37637332385144e-15,2.37572613940753e-13,1.01754479730988,-0.754746116149377,-2.74627096693612,64,"H2AC4;H3C3;H3C7;H3C2;H4C1;H2BC7;H2BC3;H4C5;H3C11;H2BC1;H3C8;H2BC10;H4C3;H4C4;H3C1;H2AC8;H2BC13;H2BC8;H4C2;H4C16;H2BC9;H4C8;H3C10;H2BC15;H2AC20;H4C6;H4C14;H2BC17;H4C9;H3C13;H3C6;H4C15;H2BC26;RBM7;H2AC18;H2AC14;H2AZ2","06_Reactome_Pathways"
"REACTOME_GENE_SILENCING_BY_RNA",1.87079135368126e-15,3.13491179695445e-13,1.00731795687447,-0.622623615795791,-2.53923551898045,128,"H2AC4;H3C3;H3C7;H3C2;H4C1;H2BC7;H2BC3;H4C5;H3C11;H2BC1;H3C8;H2BC10;H4C3;H4C4;H3C1;H2AC8;H2BC13;H2BC8;H4C2;H4C16;H2BC9;H4C8;H3C10;H2BC15;H2AC20;H4C6;RAN;H4C14;H2BC17;H4C9;H3C13;RANBP2;POLR2B;FKBP6;H3C6;H4C15;H2BC26;H2AC18;H2AC14;H2AZ2;MOV10L1;HSP90AA1;H2AX","06_Reactome_Pathways"
"REACTOME_DNA_METHYLATION",2.17595721189401e-15,3.48054246757047e-13,1.00731795687447,-0.774246573678054,-2.76792358270831,57,"H2AC4;H3C3;H3C7;H3C2;H4C1;H2BC7;H2BC3;H4C5;H3C11;H2BC1;H3C8;H2BC10;H4C3;H4C4;H3C1;H2AC8;H2BC13;H2BC8;H4C2;H4C16;H2BC9;H4C8;H3C10;H2BC15;H2AC20;H4C6;UHRF1;H4C14;H2BC17;H4C9;H3C13;DNMT3B;H3C6;H4C15;H2BC26;H2AC18;H2AC14;H2AZ2","06_Reactome_Pathways"
"REACTOME_EPIGENETIC_REGULATION_OF_GENE_EXPRESSION",2.39608576022355e-15,3.74747812898963e-13,1.00731795687447,-0.515730900083789,-2.26495440857689,245,"H2AC4;H3C3;H3C7;H3C2;H4C1;H2BC7;H2BC3;H4C5;H3C11;H2BC1;H3C8;H2BC10;H4C3;H4C4;H3C1;H2AC8;H2BC13;H2BC8;H4C2;H4C16;H2BC9;H4C8;H3C10;H2BC15;PHF19;POLR1F;TAF1B;H2AC20;H4C6;DPY30;CBX5;UHRF1;H4C14;TADA2A;H2BC17;H4C9;H3C13;DNMT3B;TET1;CCNH;H3C6;H4C15;H2BC26;ERCC2;RBM7;H2AC18;H2AC14;H2AZ2;MYO1C;BCL7A;ACTB;DEK;H2AX","06_Reactome_Pathways"
"REACTOME_HCMV_EARLY_EVENTS",2.65046864600074e-15,4.05521702838113e-13,1.00731795687447,-0.630192310474035,-2.57194897033852,129,"H2AC4;H3C3;H3C7;H3C2;H4C1;H2BC7;H2BC3;H4C5;H3C11;H2BC1;H3C8;H2BC10;H2AC16;H4C3;H4C4;H3C1;H2AC8;H2BC13;H2BC8;H4C2;H4C16;H2BC9;H4C8;H2AC13;H2AC21;H3C10;H2BC15;H2AC20;H2AC12;H4C6;H4C14;H2BC17;H4C9;EGFR;H3C13;TUBB2B;RANBP2;H3C6;H4C15;H2BC26;NCOR2;DYNC1H1;TUBB6;H2AC15;H2AC18;H2AC14;H2BC18","06_Reactome_Pathways"
"REACTOME_CHROMATIN_MODIFICATIONS_DURING_THE_MATERNAL_TO_ZYGOTIC_TRANSITION_MZT",3.16257592719704e-15,4.73578922885378e-13,1.00731795687447,-0.755871940872868,-2.74093117286448,62,"H2AC4;H3C3;H3C7;H3C2;H4C1;H2BC7;H2BC3;H4C5;H3C11;H2BC1;H3C8;H2BC10;H4C3;H4C4;H3C1;H2AC8;H2BC13;H2BC8;H4C2;H4C16;H2BC9;H4C8;H3C10;H2BC15;H2AC20;H4C6;UHRF1;H4C14;H2BC17;H4C9;H3C13;H3C6;H4C15;H2BC26;H2AC18;H2AC14;H2AZ2","06_Reactome_Pathways"
"REACTOME_PRC2_METHYLATES_HISTONES_AND_DNA",3.25496817221589e-15,4.77259708251155e-13,1.00731795687447,-0.748601749047779,-2.7387473184858,66,"H2AC4;H3C3;H3C7;H3C2;H4C1;H2BC7;H2BC3;H4C5;H3C11;H2BC1;H3C8;H2BC10;H4C3;H4C4;H3C1;H2AC8;H2BC13;H2BC8;H4C2;H4C16;H2BC9;H4C8;H3C10;H2BC15;PHF19;H2AC20;H4C6;H4C14;H2BC17;H4C9;H3C13;DNMT3B;H3C6;H4C15;H2BC26;H2AC18;H2AC14;H2AZ2","06_Reactome_Pathways"
"REACTOME_REGULATION_OF_ENDOGENOUS_RETROELEMENTS_BY_KRAB_ZFP_PROTEINS",3.55494965702996e-15,5.10606850738303e-13,0.996986217533181,-0.669383612800695,-2.62650950173231,99,"H2AC4;H3C3;H3C7;H3C2;H4C1;H2BC7;H2BC3;H4C5;H3C11;H2BC1;H3C8;H2BC10;H4C3;H4C4;H3C1;H2AC8;H2BC13;H2BC8;H4C2;H4C16;H2BC9;H4C8;H3C10;H2BC15;H2AC20;H4C6;CBX5;H4C14;H2BC17;H4C9;H3C13;H3C6;H4C15;H2BC26;H2AC18;H2AC14;H2AZ2","06_Reactome_Pathways"
"REACTOME_ASSEMBLY_OF_THE_ORC_COMPLEX_AT_THE_ORIGIN_OF_REPLICATION",7.07766694058866e-15,9.96252398557259e-13,0.996986217533181,-0.751630525919161,-2.72555101938208,62,"H2AC4;H3C3;H3C7;H3C2;H4C1;H2BC7;H2BC3;H4C5;H3C11;H2BC1;H3C8;H2BC10;H4C3;H4C4;H3C1;H2AC8;H2BC13;H2BC8;H4C2;H4C16;H2BC9;H4C8;H3C10;H2BC15;H2AC20;H4C6;H4C14;H2BC17;H4C9;H3C13;H3C6;H4C15;H2BC26;H2AC18;H2AC14;H2AZ2","06_Reactome_Pathways"
"REACTOME_REGULATION_OF_ENDOGENOUS_RETROELEMENTS_BY_PIWI_INTERACTING_RNAS_PIRNAS",1.07052035755426e-14,1.47731809342489e-12,0.986546283587582,-0.681007589846447,-2.63687679109888,90,"H2AC4;H3C3;H3C7;H3C2;H4C1;H2BC7;H2BC3;H4C5;H3C11;H2BC1;H3C8;H2BC10;H4C3;H4C4;H3C1;H2AC8;H2BC13;H2BC8;H4C2;H4C16;H2BC9;H4C8;H3C10;H2BC15;H2AC20;H4C6;H4C14;H2BC17;H4C9;H3C13;H3C6;H4C15;H2BC26;H2AC18;H2AC14;H2AZ2;BCL7A;ACTB;H2AX","06_Reactome_Pathways"
"REACTOME_MEIOTIC_RECOMBINATION",1.18671120383859e-14,1.60616797165692e-12,0.986546283587582,-0.70547991357617,-2.67777253749226,81,"H2AC4;H3C3;H3C7;H3C2;H4C1;H2BC7;H2BC3;H4C5;H3C11;H2BC1;H3C8;H2BC10;H4C3;H4C4;H3C1;H2AC8;H2BC13;BRCA2;H2BC8;H4C2;H4C16;H2BC9;H4C8;H3C10;H2BC15;H2AC20;H4C6;FIGNL1;NBN;H4C14;H2BC17;BRCA1;H4C9;CDK2;H3C13;H3C6;H4C15;H2BC26;H2AC18;RAD50;H2AC14;H3-4;MLH3;H2AZ2;RAD51;H2AX","06_Reactome_Pathways"
"REACTOME_OXIDATIVE_STRESS_INDUCED_SENESCENCE",1.65847946940092e-14,2.20233556710258e-12,0.97599468306432,-0.636192085677242,-2.55362439206275,114,"H2AC4;H3C3;H3C7;H3C2;H4C1;H2BC7;H2BC3;H4C5;H3C11;H2BC1;H3C8;H2BC10;H4C3;H4C4;H3C1;H2AC8;H2BC13;RNF2;H2BC8;H4C2;H4C16;H2BC9;H4C8;E2F2;H3C10;H2BC15;CDK6;H2AC20;H4C6;H4C14;H2BC17;H4C9;H3C13;TNIK;CDKN2D;H3C6;H4C15;H2BC26;H2AC18;H2AC14;H2AZ2","06_Reactome_Pathways"
"REACTOME_REGULATION_OF_ENDOGENOUS_RETROELEMENTS",3.80955492413465e-14,4.87484501019266e-12,0.965327754226083,-0.599580566365066,-2.46113146384873,133,"H2AC4;H3C3;H3C7;H3C2;H4C1;H2BC7;H2BC3;H4C5;H3C11;H2BC1;H3C8;H2BC10;H4C3;H4C4;H3C1;H2AC8;H2BC13;H2BC8;H4C2;H4C16;H2BC9;H4C8;H3C10;H2BC15;H2AC20;H4C6;CBX5;H4C14;H2BC17;H4C9;H3C13;H3C6;H4C15;H2BC26;RBM7;H2AC18;H2AC14;H2AZ2;BCL7A;ACTB;H2AX","06_Reactome_Pathways"
"REACTOME_ACTIVATED_PKN1_STIMULATES_TRANSCRIPTION_OF_AR_ANDROGEN_RECEPTOR_REGULATED_GENES_KLK2_AND_KLK3",4.41808137805091e-14,5.45516784889865e-12,0.965327754226083,-0.760618380284573,-2.7244638490642,58,"H2AC4;H3C3;H3C7;H3C2;H4C1;H2BC7;H2BC3;H4C5;H3C11;H2BC1;H3C8;H2BC10;H4C3;H4C4;H3C1;H2AC8;H2BC13;H2BC8;H4C2;H4C16;H2BC9;H4C8;H3C10;H2BC15;H2AC20;H4C6;H4C14;H2BC17;H4C9;H3C13;AR;H3C6;H4C15;H2BC26;H2AC18;H2AC14;H2AZ2","06_Reactome_Pathways"
"REACTOME_MEIOSIS",5.10749938224457e-14,6.19768631935126e-12,0.965327754226083,-0.642264891796901,-2.56461861112144,110,"H2AC4;H3C3;H3C7;H3C2;H4C1;H2BC7;H2BC3;H4C5;H3C11;H2BC1;H3C8;H2BC10;H4C3;H4C4;H3C1;H2AC8;H2BC13;BRCA2;H2BC8;H4C2;H4C16;H2BC9;H4C8;H3C10;H2BC15;H2AC20;H4C6;LMNB1;FIGNL1;NBN;H4C14;SYNE1;H2BC17;BRCA1;H4C9;CDK2;H3C13;SYCP3;FKBP6;H3C6;H4C15;H2BC26;H2AC18;RAD50;H2AC14;H3-4;MLH3;H2AZ2","06_Reactome_Pathways"
"REACTOME_CHROMOSOME_MAINTENANCE",8.11984858180364e-14,9.6860159862261e-12,0.954541630725724,-0.591391540824659,-2.43272280642235,135,"H2AC4;H4C1;H2BC7;H2BC3;H4C5;H2BC1;H2BC10;H4C3;H4C4;H2AC8;HJURP;H2BC13;H2BC8;H4C2;H4C16;H2BC9;H4C8;KNL1;H2BC15;CCNA2;PIF1;MIS18BP1;H2AC20;H4C6;CENPA;CENPU;CENPW;H4C14;POLA2;H2BC17;H4C9;CDK2;FEN1;CENPI;POLR2B;H4C15;H2BC26;RFC2;POLD2;H2AC18;H2AC14;H3-4;H2AZ2;CENPM;CENPH;H2AX","06_Reactome_Pathways"
"REACTOME_PRE_NOTCH_EXPRESSION_AND_PROCESSING",1.26990779710614e-13,1.44155017355371e-11,0.943632225232838,-0.644138796977794,-2.54051788955343,102,"H2AC4;H3C3;H3C7;H3C2;H4C1;H2BC7;H2BC3;H4C5;H3C11;H2BC1;H3C8;H2BC10;H4C3;H4C4;H3C1;H2AC8;H2BC13;H2BC8;H4C2;H4C16;H2BC9;H4C8;H3C10;H2BC15;H2AC20;H4C6;H4C14;ST3GAL6;H2BC17;H4C9;H3C13;H3C6;H4C15;H2BC26;H2AC18;H2AC14;H2AZ2;NOTCH3;H2AX;CCND1;TFDP1;B4GALT1;NOTCH2","06_Reactome_Pathways"
"REACTOME_FORMATION_OF_THE_BETA_CATENIN_TCF_TRANSACTIVATING_COMPLEX",1.38587717346795e-13,1.54822278521705e-11,0.943632225232838,-0.681972357797544,-2.61429468282484,85,"H2AC4;H3C3;H3C7;H3C2;H4C1;H2BC7;H2BC3;H4C5;H3C11;H2BC1;H3C8;H2BC10;H4C3;H4C4;H3C1;H2AC8;H2BC13;H2BC8;H4C2;H4C16;H2BC9;H4C8;H3C10;H2BC15;H2AC20;H4C6;H4C14;H2BC17;H4C9;H3C13;H3C6;H4C15;H2BC26;H2AC18;H2AC14;H3-4;H2AZ2;TCF4;MYC;BCL9L;H2AX","06_Reactome_Pathways"
"REACTOME_HDMS_DEMETHYLATE_HISTONES",3.52315853494113e-13,3.75696814680541e-11,0.932595211336209,-0.788288896316174,-2.67671318055216,45,"H3C3;H3C7;H3C2;H4C1;H4C5;H3C11;H3C8;H4C3;H4C4;H3C1;KDM5D;H4C2;H4C16;H4C8;ARID5B;H3C10;UTY;H4C6;H4C14;RIOX2;H4C9;H3C13;H3C6;H4C15","06_Reactome_Pathways"
"REACTOME_MATERNAL_TO_ZYGOTIC_TRANSITION_MZT",4.60492475207943e-13,4.83723289628881e-11,0.921426003494898,-0.627234481638376,-2.49920655877949,108,"H2AC4;H3C3;H3C7;H3C2;H4C1;H2BC7;H2BC3;H4C5;H3C11;H2BC1;H3C8;H2BC10;H4C3;H4C4;H3C1;H2AC8;H2BC13;H2BC8;H4C2;H4C16;H2BC9;H4C8;H3C10;H2BC15;TEAD4;H2AC20;H4C6;PADI6;UHRF1;H4C14;H2BC17;H4C9","06_Reactome_Pathways"
"REACTOME_DNA_REPAIR",4.73415655772216e-13,4.89985203724244e-11,0.921426003494898,-0.446742531532003,-2.0263505328818,326,"H2AC4;H4C1;H2BC7;H2BC3;H4C5;H2BC1;H2BC10;H4C3;H4C4;H2AC8;H2BC13;BRCA2;H2BC8;H4C2;H4C16;H2BC9;H4C8;NEIL3;RAD51AP1;POLQ;FANCD2;H2BC15;CCNA2;DTL;EXO1;EYA4;KPNA2;PCLAF;H2AC20;POLI;H4C6;FIGNL1;NBN;PRKDC;UBE2T;H4C14;ASCC3;H2BC17;BRCA1;H4C9;CDK2;BARD1;FEN1;CHEK1;XRCC1;RHNO1;BRIP1;POLR2B;CCNH;H4C15;H2BC26;ERCC2;RFC2;POLD2;FANCL;H2AC18;RAD50;H2AC14;H3-4;H2AZ2;USP43;COPS6;ACTB;RAD51;AQR;H2AX;FANCI;BABAM2;XRCC2;ALKBH2;FANCB;RAD23B;LIG4;FANCM;H2BC21;GTF2H2;H2AC7;XPC;NSD2;ALKBH5;POLD1;RNF168;XRCC3;POLR2D;TDP1;XRCC5;H2BC5;UBA7;MDC1;EME1;MUTYH;TIPIN","06_Reactome_Pathways"
"REACTOME_RUNX1_REGULATES_TRANSCRIPTION_OF_GENES_INVOLVED_IN_DIFFERENTIATION_OF_HSCS",5.97327359477157e-13,6.092739066667e-11,0.921426003494898,-0.602696710471379,-2.44444688383559,122,"H2AC4;H3C3;H3C7;H3C2;H4C1;H2BC7;H2BC3;H4C5;H3C11;H2BC1;H3C8;H2BC10;H4C3;H4C4;H3C1;H2AC8;H2BC13;H2BC8;H4C2;H4C16;H2BC9;H4C8;H3C10;H2BC15;H2AC20;H4C6;H4C14;H2BC17;H4C9;PSMA1;GATA1;H3C13;CCNH;H3C6;H4C15;H2BC26;H2AC18;H2AC14;H2AZ2","06_Reactome_Pathways"
"REACTOME_DNA_DAMAGE_TELOMERE_STRESS_INDUCED_SENESCENCE",7.13672089726204e-13,6.97614467707365e-11,0.921426003494898,-0.692682139294341,-2.59958909124556,76,"H2AC4;H4C1;H2BC7;H1-0;H1-5;H2BC3;H4C5;H2BC1;H1-3;H2BC10;H4C3;H4C4;H2AC8;H2BC13;H2BC8;H4C2;H4C16;H2BC9;H4C8;H1-2;H2BC15;H1-4;CCNA2;H2AC20;H4C6;LMNB1;NBN;H4C14;H2BC17;H4C9;CDK2;H4C15;H2BC26;H2AC18;RAD50;H2AC14;H3-4;H2AZ2","06_Reactome_Pathways"
"REACTOME_RMTS_METHYLATE_HISTONE_ARGININES",7.0482174783479e-13,6.97614467707365e-11,0.921426003494898,-0.705757194197542,-2.62056117166986,71,"H2AC4;H3C3;H3C7;H3C2;H4C1;H4C5;H3C11;H3C8;H2AC16;H4C3;H4C4;H3C1;H2AC8;H4C2;H4C16;H4C8;H2AC13;H2AC21;H3C10;H2AC20;H2AC12;H4C6;H4C14;H4C9;H3C13;H3C6;H4C15;H2AC15;H2AC18;H2AC14;H2AZ2;H2AX;CCND1;H2AC11","06_Reactome_Pathways"
"REACTOME_RHO_GTPASES_ACTIVATE_PKNS",1.0713062506486e-12,1.00531378560865e-10,0.910119734774459,-0.667747400005839,-2.55976427394087,85,"H2AC4;H3C3;H3C7;H3C2;H4C1;H2BC7;H2BC3;H4C5;H3C11;H2BC1;H3C8;H2BC10;H4C3;H4C4;H3C1;H2AC8;CDC25C;H2BC13;H2BC8;H4C2;H4C16;H2BC9;H4C8;H3C10;H2BC15;H2AC20;H4C6;H4C14;H2BC17;H4C9;H3C13;AR;YWHAH;H3C6;PPP1R12A;H4C15;H2BC26;H2AC18;MYH9;H2AC14;H2AZ2","06_Reactome_Pathways"
"REACTOME_DEPOSITION_OF_NEW_CENPA_CONTAINING_NUCLEOSOMES_AT_THE_CENTROMERE",1.9555310371423e-12,1.78740616096202e-10,0.898671232061694,-0.699653529773145,-2.57039760085897,68,"H2AC4;H4C1;H2BC7;H2BC3;H4C5;H2BC1;H2BC10;H4C3;H4C4;H2AC8;HJURP;H2BC13;H2BC8;H4C2;H4C16;H2BC9;H4C8;KNL1;H2BC15;MIS18BP1;H2AC20;H4C6;CENPA;CENPU;CENPW;H4C14;H2BC17;H4C9;CENPI;H4C15;H2BC26;H2AC18;H2AC14;H2AZ2;CENPM;CENPH;H2AX","06_Reactome_Pathways"
"REACTOME_G2_M_CHECKPOINTS",2.10714973485319e-12,1.90129741460215e-10,0.898671232061694,-0.542777571768222,-2.28476881306799,164,"H4C1;H2BC7;H2BC3;H4C5;H2BC1;H2BC10;H4C3;H4C4;CDC25C;GTSE1;H2BC13;H2BC8;H4C2;H4C16;CCNB1;H2BC9;H4C8;CDK1;H2BC15;EXO1;MCM10;H4C6;CDC45;NBN;CDC25A;H4C14;CCNB2;H2BC17;PKMYT1;BRCA1;H4C9;CDK2;PSMA1;BARD1;CHEK1;CDC6;RHNO1;MCM6;YWHAH;BRIP1;H4C15;H2BC26;RFC2;RAD50;H3-4","06_Reactome_Pathways"
"REACTOME_BASE_EXCISION_REPAIR",2.57212757518619e-12,2.26282923427005e-10,0.898671232061694,-0.65275759292234,-2.50466385235209,87,"H2AC4;H4C1;H2BC7;H2BC3;H4C5;H2BC1;H2BC10;H4C3;H4C4;H2AC8;H2BC13;H2BC8;H4C2;H4C16;H2BC9;H4C8;NEIL3;H2BC15;H2AC20;H4C6;H4C14;H2BC17;H4C9;FEN1;XRCC1;H4C15;H2BC26;RFC2;POLD2;H2AC18;H2AC14;H3-4;H2AZ2","06_Reactome_Pathways"
"REACTOME_HOMOLOGY_DIRECTED_REPAIR",4.35007867076929e-12,3.73364069327735e-10,0.887074988399873,-0.572011116085912,-2.3596170692603,136,"H4C1;H2BC7;H2BC3;H4C5;H2BC1;H2BC10;H4C3;H4C4;H2BC13;BRCA2;H2BC8;H4C2;H4C16;H2BC9;H4C8;RAD51AP1;POLQ;H2BC15;CCNA2;EXO1;H4C6;FIGNL1;NBN;H4C14;H2BC17;BRCA1;H4C9;CDK2;BARD1;FEN1;CHEK1;XRCC1;RHNO1;BRIP1;H4C15;H2BC26;RFC2;POLD2;RAD50;H3-4;RAD51;H2AX;BABAM2","06_Reactome_Pathways"
"REACTOME_ESTROGEN_DEPENDENT_GENE_EXPRESSION",5.518738310687e-12,4.6796241241705e-10,0.887074988399873,-0.571703281758481,-2.3629981215237,140,"H2AC4;H3C3;H3C7;H3C2;H4C1;H2BC7;H2BC3;H4C5;H3C11;H2BC1;H3C8;H2BC10;TGFA;H4C3;H4C4;H3C1;H2AC8;H2BC13;H2BC8;H4C2;H4C16;H2BC9;H4C8;H3C10;H2BC15;CXXC5;KPNA2;H2AC20;H4C6;H4C14;H2BC17;H4C9;H3C13;NRIP1;POLR2B;H3C6;H4C15;H2BC26;ZNF217;H2AC18;H2AC14;KANK1;H2AZ2;DDX5;MYC;HSP90AA1;H2AX;CCND1","06_Reactome_Pathways"
"REACTOME_TRANSCRIPTIONAL_REGULATION_OF_GRANULOPOIESIS",6.92204370054913e-12,5.79968375767438e-10,0.887074988399873,-0.658153537354104,-2.50357075027073,82,"H2AC4;H3C3;H3C7;H3C2;H4C1;H2BC7;H2BC3;H4C5;H3C11;H2BC1;H3C8;H2BC10;H4C3;H4C4;H3C1;H2AC8;H2BC13;H2BC8;H4C2;H4C16;H2BC9;H4C8;H3C10;H2BC15;IL6R;H2AC20;H4C6;H4C14;H2BC17;H4C9;CDK2;H3C13;CEBPB;FLI1;H3C6;H4C15;H2BC26;H2AC18;H2AC14;H2AZ2;RARA;MYC;DEK;H2AX","06_Reactome_Pathways"
"REACTOME_TELOMERE_MAINTENANCE",7.69717921524793e-12,6.29915666475755e-10,0.875325132024659,-0.608378577952868,-2.42558975402575,109,"H2AC4;H4C1;H2BC7;H2BC3;H4C5;H2BC1;H2BC10;H4C3;H4C4;H2AC8;H2BC13;H2BC8;H4C2;H4C16;H2BC9;H4C8;H2BC15;CCNA2;PIF1;H2AC20;H4C6;H4C14;POLA2;H2BC17;H4C9;CDK2;FEN1;POLR2B;H4C15;H2BC26;RFC2;POLD2;H2AC18;H2AC14;H3-4;H2AZ2","06_Reactome_Pathways"
"REACTOME_KERATINIZATION",8.0956187501494e-12,6.47465508676721e-10,0.875325132024659,0.72576012612694,2.36390440920979,68,"KRT14;KRT17;KRT6A;KRT9;KRT35;KRT16;KRT75;KRT32;KRT19;KRT36;KRT5;KRT37;KRT38;KRT15;KRT31;KRTAP3-1;KRT39;KRT13;KRT8;KRTAP3-2;KRTAP4-6;KRT85;KRT20;TCHH;SPINK5;PPL;KRT12;KRT23;PKP3;FURIN;SPINK9;DSP;ST14;CELA2A;JUP;KRTAP5-7;KLK14;KRT18;KRT40","06_Reactome_Pathways"
"REACTOME_DNA_DOUBLE_STRAND_BREAK_REPAIR",1.05586177693531e-11,8.34961256861876e-10,0.875325132024659,-0.527288394296669,-2.21839717589363,165,"H4C1;H2BC7;H2BC3;H4C5;H2BC1;H2BC10;H4C3;H4C4;H2BC13;BRCA2;H2BC8;H4C2;H4C16;H2BC9;H4C8;RAD51AP1;POLQ;H2BC15;CCNA2;EXO1;EYA4;KPNA2;H4C6;FIGNL1;NBN;PRKDC;H4C14;H2BC17;BRCA1;H4C9;CDK2;BARD1;FEN1;CHEK1;XRCC1;RHNO1;BRIP1;H4C15;H2BC26;RFC2;POLD2;RAD50;H3-4;RAD51;H2AX;BABAM2","06_Reactome_Pathways"
"REACTOME_REPRODUCTION",1.40597269139821e-11,1.08738854967699e-09,0.875325132024659,-0.564411409246535,-2.33197491518735,139,"H2AC4;H3C3;H3C7;H3C2;H4C1;H2BC7;H2BC3;H4C5;H3C11;H2BC1;H3C8;H2BC10;H4C3;H4C4;H3C1;H2AC8;H2BC13;BRCA2;H2BC8;H4C2;H4C16;H2BC9;H4C8;H3C10;H2BC15;ZP1;H2AC20;H4C6;LMNB1;FIGNL1;NBN;H4C14;SYNE1;H2BC17;BRCA1;H4C9;CDK2;H3C13;SYCP3;FKBP6;H3C6;H4C15;H2BC26;H2AC18;RAD50;H2AC14;H3-4;MLH3;H2AZ2","06_Reactome_Pathways"
"REACTOME_SIGNALING_BY_NOTCH",2.28137433196013e-11,1.7452513639495e-09,0.863415391606693,-0.476230400334181,-2.07241513401669,222,"H2AC4;H3C3;H3C7;H3C2;H4C1;H2BC7;H2BC3;H4C5;H3C11;H2BC1;H3C8;H2BC10;H4C3;H4C4;H3C1;H2AC8;DLGAP5;H2BC13;H2BC8;H4C2;H4C16;H2BC9;H4C8;H3C10;H2BC15;HDAC9;H2AC20;H4C6;H4C14;ST3GAL6;H2BC17;H4C9;ACTA2;EGFR;STAT1;NEURL1B;PSMA1;H3C13;TACC3;H3C6;H4C15;H2BC26;DNER;NCOR2;H2AC18;H2AC14;H2AZ2;PBX1;NOTCH3;APH1B;MYC;H2AX;CCND1;TFDP1;HDAC7;B4GALT1;NOTCH2;ST3GAL4;SMAD3;TLE3;HIF1A;MAML2;H2BC21;WWC1;H2AC7;TBL1XR1","06_Reactome_Pathways"
"REACTOME_PKMTS_METHYLATE_HISTONE_LYSINES",2.5757905691939e-11,1.94929183075125e-09,0.863415391606693,-0.694725951551436,-2.52787748078344,64,"H3C3;H3C7;H3C2;H4C1;H4C5;H3C11;H3C8;H4C3;H4C4;H3C1;H4C2;H4C16;H4C8;H3C10;RELA;H4C6;DPY30;H4C14;H4C9;H3C13;H3C6;H4C15;PRDM16","06_Reactome_Pathways"
"REACTOME_PROCESSING_OF_DNA_DOUBLE_STRAND_BREAK_ENDS",3.40514495418585e-11,2.52267475658527e-09,0.851339057116899,-0.617301907570992,-2.40563292758386,95,"H4C1;H2BC7;H2BC3;H4C5;H2BC1;H2BC10;H4C3;H4C4;H2BC13;H2BC8;H4C2;H4C16;H2BC9;H4C8;H2BC15;CCNA2;EXO1;H4C6;NBN;H4C14;H2BC17;BRCA1;H4C9;CDK2;BARD1;CHEK1;RHNO1;BRIP1;H4C15;H2BC26;RFC2;RAD50;H3-4;H2AX;BABAM2","06_Reactome_Pathways"
"REACTOME_MITOTIC_PROMETAPHASE",3.57314243903322e-11,2.61956005061623e-09,0.851339057116899,-0.490574955374187,-2.11346815729088,200,"CDCA8;AURKB;BIRC5;SPC25;SPC24;CCNB1;ZWINT;CDC20;NDC80;CDK1;KNL1;CDCA5;NUF2;NEK2;NCAPG;PLK1;SGO1;CENPJ;SGO2;BUB1B;PLK4;RANGAP1;KIF18A;DSN1;HAUS4;BUB1;SKA2;CENPA;CENPU;CENPE;CCNB2;MZT1;HAUS8;INCENP;NCAPD2;SPDL1;KIF2C;TUBB2B;TUBGCP3;CEP290;CENPI;RANBP2;AKAP9;CENPF;ERCC6L;TUBG1;TUBB;DYNC1H1;TUBB6;NEK6;CEP78;CENPM;CENPH;HSP90AA1;MAD2L1","06_Reactome_Pathways"
"REACTOME_BASE_EXCISION_REPAIR_AP_SITE_FORMATION",3.89406659067741e-11,2.76832733991794e-09,0.851339057116899,-0.704077637060712,-2.53030769473081,59,"H2AC4;H4C1;H2BC7;H2BC3;H4C5;H2BC1;H2BC10;H4C3;H4C4;H2AC8;H2BC13;H2BC8;H4C2;H4C16;H2BC9;H4C8;NEIL3;H2BC15;H2AC20;H4C6;H4C14;H2BC17;H4C9;H4C15;H2BC26;H2AC18;H2AC14;H3-4;H2AZ2","06_Reactome_Pathways"
"REACTOME_RECOGNITION_AND_ASSOCIATION_OF_DNA_GLYCOSYLASE_WITH_SITE_CONTAINING_AN_AFFECTED_PURINE",3.85778263134383e-11,2.76832733991794e-09,0.851339057116899,-0.723054010121971,-2.52812938907628,52,"H2AC4;H4C1;H2BC7;H2BC3;H4C5;H2BC1;H2BC10;H4C3;H4C4;H2AC8;H2BC13;H2BC8;H4C2;H4C16;H2BC9;H4C8;NEIL3;H2BC15;H2AC20;H4C6;H4C14;H2BC17;H4C9;H4C15;H2BC26;H2AC18;H2AC14;H3-4;H2AZ2","06_Reactome_Pathways"
"REACTOME_INHIBITION_OF_DNA_RECOMBINATION_AT_TELOMERE",5.97964419531628e-11,4.20847358466359e-09,0.839088935621274,-0.688627996906194,-2.50568904490866,64,"H2AC4;H4C1;H2BC7;H2BC3;H4C5;H2BC1;H2BC10;H4C3;H4C4;H2AC8;H2BC13;H2BC8;H4C2;H4C16;H2BC9;H4C8;H2BC15;H2AC20;H4C6;H4C14;H2BC17;H4C9;POLR2B;H4C15;H2BC26;H2AC18;H2AC14;H3-4;H2AZ2","06_Reactome_Pathways"
"REACTOME_AMYLOID_FIBER_FORMATION",6.61938723911156e-11,4.61259875137298e-09,0.839088935621274,-0.615068173728084,-2.39582310709301,94,"H2AC4;H3C3;H3C7;H3C2;H4C1;H2BC7;H2BC3;H4C5;H3C11;H2BC1;H3C8;H2BC10;H4C3;H4C4;H3C1;H2AC8;H2BC13;H2BC8;H4C2;H4C16;H2BC9;H4C8;SORL1;H3C10;H2BC15;H2AC20;H4C6;SNCAIP;H4C14;HSPG2;H2BC17;H4C9;H3C13;TGFBI;H3C6;H4C15;H2BC26","06_Reactome_Pathways"
"REACTOME_OLFACTORY_SIGNALING_PATHWAY",1.02780879762274e-10,7.0230274928824e-09,0.839088935621274,0.713636512652333,2.33364927296449,71,"OR2A7;OR2A1;OR14J1;OR2J1;OR2A42;OR2J3;OR2J2;OR51B5;OR2AG2;OR51I1;OR51M1;RTP2;OR12D2;OR5V1;OR2B3;OR1L1;OR11H7;CNGB1;OR11H4;OR13D1;OR6V1;OR1L3;OR1L8;OR2A4;OR2B6;OR2B2;OR1L4;OR6X1;OR1L6;OR5C1;OR9A2;REEP1;OR2AT4;OR2C1;OR52I2;ANO2;OR1K1;OR51I2;LHX2;OR52I1","06_Reactome_Pathways"
"REACTOME_G2_M_DNA_DAMAGE_CHECKPOINT",2.49660725062027e-10,1.56885016338084e-08,0.814035837847908,-0.608926481074225,-2.36369318750116,92,"H4C1;H2BC7;H2BC3;H4C5;H2BC1;H2BC10;H4C3;H4C4;CDC25C;H2BC13;H2BC8;H4C2;H4C16;CCNB1;H2BC9;H4C8;CDK1;H2BC15;EXO1;H4C6;NBN;H4C14;H2BC17;BRCA1;H4C9;BARD1;CHEK1;RHNO1;YWHAH;BRIP1;H4C15;H2BC26;RFC2;RAD50;H3-4;H2AX;BABAM2","06_Reactome_Pathways"
"REACTOME_ESR_MEDIATED_SIGNALING",2.57939341620302e-10,1.60652839497671e-08,0.814035837847908,-0.474661057373903,-2.05617795708238,207,"H2AC4;H3C3;H3C7;H3C2;H4C1;H2BC7;H2BC3;H4C5;H3C11;H2BC1;H3C8;H2BC10;TGFA;H4C3;H4C4;H3C1;H2AC8;CAV1;H2BC13;H2BC8;H4C2;H4C16;H2BC9;H4C8;H3C10;H2BC15;CXXC5;GNAI1;KPNA2;H2AC20;H4C6;S1PR3;GNG11;H4C14;H2BC17;H4C9;EGFR;HSPB1;H3C13;NRIP1;POLR2B;H3C6;H4C15;H2BC26;ZNF217;GNB3;H2AC18;H2AC14;KANK1;H2AZ2;DDX5;BTC;SHC1;MYC;HSP90AA1;H2AX;CCND1","06_Reactome_Pathways"
"REACTOME_TRANSCRIPTIONAL_REGULATION_BY_RUNX1",2.80978327516096e-10,1.73336466173986e-08,0.814035837847908,-0.47318262866195,-2.05683482532456,220,"H2AC4;H3C3;H3C7;H3C2;H4C1;H2BC7;H2BC3;H4C5;THBS1;H3C11;H2BC1;H3C8;H2BC10;H4C3;H4C4;H3C1;H2AC8;H2BC13;RNF2;H2BC8;H4C2;H4C16;H2BC9;H4C8;H3C10;H2BC15;NFE2;CDK6;H2AC20;H4C6;DPY30;H4C14;CTSL;H2BC17;H4C9;PSMA1;GATA1;H3C13;CCNH;H3C6;CLDN5;H4C15;H2BC26;H2AC18;H2AC14;GP1BA;HIPK2;H2AZ2","06_Reactome_Pathways"
"REACTOME_MITOTIC_SPINDLE_CHECKPOINT",3.63354011729671e-10,2.16719113097748e-08,0.814035837847908,-0.579817884593013,-2.31526237364152,110,"CDCA8;UBE2C;AURKB;BIRC5;SPC25;SPC24;ZWINT;CDC20;NDC80;KNL1;NUF2;PLK1;SGO1;SGO2;BUB1B;RANGAP1;KIF18A;DSN1;BUB1;SKA2;CENPA;CENPU;CENPE;INCENP;SPDL1;KIF2C;CENPI;RANBP2;ANAPC1;CENPF;ERCC6L;DYNC1H1;CENPM;CENPH;MAD2L1","06_Reactome_Pathways"
"REACTOME_FORMATION_OF_THE_CORNIFIED_ENVELOPE",3.66517491242176e-10,2.16768916248944e-08,0.814035837847908,0.724647674619422,2.32035972989846,61,"KRT14;KRT17;KRT6A;KRT9;KRT35;KRT16;KRT75;KRT32;KRT19;KRT36;KRT5;KRT37;KRT38;KRT15;KRT31;KRT39;KRT13;KRT8;KRT85;KRT20;TCHH;SPINK5;PPL;KRT12;KRT23;PKP3;FURIN;SPINK9;DSP;ST14;CELA2A;JUP;KLK14;KRT18;KRT40","06_Reactome_Pathways"
"REACTOME_MEIOTIC_SYNAPSIS",4.05547232783281e-10,2.37853452027394e-08,0.814035837847908,-0.651491257057006,-2.41753372136001,72,"H2AC4;H4C1;H2BC7;H2BC3;H4C5;H2BC1;H2BC10;H4C3;H4C4;H2AC8;H2BC13;H2BC8;H4C2;H4C16;H2BC9;H4C8;H2BC15;H2AC20;H4C6;LMNB1;H4C14;SYNE1;H2BC17;BRCA1;H4C9;SYCP3;FKBP6;H4C15;H2BC26;H2AC18;H2AC14;H3-4;H2AZ2","06_Reactome_Pathways"
"REACTOME_NONHOMOLOGOUS_END_JOINING_NHEJ",6.28402460401478e-10,3.56669073895613e-08,0.801215574617779,-0.666247026256743,-2.4374539051382,66,"H4C1;H2BC7;H2BC3;H4C5;H2BC1;H2BC10;H4C3;H4C4;H2BC13;H2BC8;H4C2;H4C16;H2BC9;H4C8;H2BC15;H4C6;NBN;PRKDC;H4C14;H2BC17;BRCA1;H4C9;BARD1;H4C15;H2BC26;RAD50;H3-4;H2AX;BABAM2;LIG4;H2BC21;NSD2;RNF168;TDP1;XRCC5;H2BC5;MDC1","06_Reactome_Pathways"
"REACTOME_RESOLUTION_OF_SISTER_CHROMATID_COHESION",1.81039948442801e-09,1.01932732571235e-07,0.788186810800237,-0.544043509734318,-2.20811215314607,123,"CDCA8;AURKB;BIRC5;SPC25;SPC24;CCNB1;ZWINT;CDC20;NDC80;CDK1;KNL1;CDCA5;NUF2;PLK1;SGO1;SGO2;BUB1B;RANGAP1;KIF18A;DSN1;BUB1;SKA2;CENPA;CENPU;CENPE;CCNB2;INCENP;SPDL1;KIF2C;TUBB2B;CENPI;RANBP2;CENPF;ERCC6L;DYNC1H1;TUBB6;CENPM;CENPH;MAD2L1;TUBA4B;CENPL;PDS5B;MAD1L1","06_Reactome_Pathways"
"REACTOME_DNA_DOUBLE_STRAND_BREAK_RESPONSE",2.48071432251698e-09,1.38565614300592e-07,0.774939030136436,-0.624369656199318,-2.34063174337447,75,"H4C1;H2BC7;H2BC3;H4C5;H2BC1;H2BC10;H4C3;H4C4;H2BC13;H2BC8;H4C2;H4C16;H2BC9;H4C8;H2BC15;EYA4;KPNA2;H4C6;NBN;H4C14;H2BC17;BRCA1;H4C9;BARD1","06_Reactome_Pathways"
"REACTOME_SUMOYLATION",3.1688029058637e-09,1.74234647277099e-07,0.774939030136436,-0.472839702029048,-2.02140722363427,183,"H4C1;H4C5;H4C3;H4C4;CDCA8;AURKB;BIRC5;NR1H4;TOP2A;RNF2;TFAP2B;H4C2;H4C16;H4C8;AURKA;RANGAP1;RELA;H4C6;CBX5;DDX17;H4C14;THRB;BRCA1;H4C9;INCENP;AR;DNMT3B;RANBP2;NRIP1;H4C15;NCOR2;RWDD3;IKBKE;HIPK2;DDX5;RARA;PIAS2;HDAC7;NSMCE3;SMC5;SCMH1;NFKB2;ESR1;XPC;STAG1;THRA;RNF168;NFKBIA;PML;MDC1;NUP50;NR4A2;NUP210;RXRA;TOP2B;HERC2;SEC13;NUP85;NR1H3;EIF2AK2;NUP214;NUP107;TRIM28;NUP155;CBX4;NOP58;CASP8AP2;PCNA;PHC3;PIAS3","06_Reactome_Pathways"
"REACTOME_MITOTIC_METAPHASE_AND_ANAPHASE",3.238319279737e-09,1.753176237753e-07,0.774939030136436,-0.442474685540795,-1.93265799467272,230,"CDCA8;UBE2C;AURKB;BIRC5;SPC25;SPC24;CCNB1;ZWINT;CDC20;NDC80;CDK1;KNL1;ESPL1;CDCA5;NUF2;PLK1;SGO1;PTTG1;SGO2;BUB1B;RANGAP1;KIF18A;DSN1;LMNB1;BUB1;SKA2;CENPA;RAN;CENPU;CENPE;TMPO;CCNB2;PSMA1;INCENP;SPDL1;KIF2C;TUBB2B;CENPI;RANBP2;ANAPC1;CENPF;ERCC6L;DYNC1H1;TUBB6;CENPM;CENPH;MAD2L1;TUBA4B;FBXO5;CENPL;ANAPC16;VRK1;PDS5B;MAD1L1","06_Reactome_Pathways"
"REACTOME_TCF_DEPENDENT_SIGNALING_IN_RESPONSE_TO_WNT",3.233383595803e-09,1.753176237753e-07,0.774939030136436,-0.449523292370075,-1.95389869968937,219,"H2AC4;H3C3;H3C7;H3C2;H4C1;H2BC7;H2BC3;H4C5;H3C11;H2BC1;H3C8;H2BC10;H4C3;H4C4;H3C1;H2AC8;CAV1;H2BC13;LGR5;H2BC8;H4C2;H4C16;H2BC9;H4C8;DACT1;FZD8;DKK1;H3C10;H2BC15;FZD1;H2AC20;H4C6;CXXC4;WNT3;H4C14;H2BC17;SOX6;H4C9;PSMA1;H3C13;H3C6;SFRP1;H4C15;FZD6;H2BC26;H2AC18;H2AC14;H3-4;H2AZ2;TCF4;WIF1;MYC;BCL9L;H2AX","06_Reactome_Pathways"
"REACTOME_SIGNALING_BY_NUCLEAR_RECEPTORS",3.91414719615827e-09,2.08695211867893e-07,0.761460801445585,-0.421860804961581,-1.87901488661196,276,"H2AC4;H3C3;H3C7;H3C2;H4C1;H2BC7;H2BC3;H4C5;H3C11;H2BC1;H3C8;H2BC10;TGFA;H4C3;H4C4;H3C1;H2AC8;CAV1;H2BC13;DHRS3;H2BC8;H4C2;H4C16;RARB;H2BC9;H4C8;H3C10;H2BC15;DLD;PDK1;CXXC5;GNAI1;KPNA2;H2AC20;ANGPTL3;H4C6;S1PR3;SCD;GNG11;H4C14;H2BC17;H4C9;CPT1B;PDK4;EGFR;HSPB1;H3C13;ARL4C;NRIP1;POLR2B;DHRS9;H3C6;CPT1A;CETP;H4C15;H2BC26;ZNF217;NCOR2;GNB3;H2AC18;H2AC14;KANK1;H2AZ2;DDX5;DLAT;BTC;RARA;SHC1;MYC;HSP90AA1;H2AX;RARG;CCND1","06_Reactome_Pathways"
"REACTOME_SEPARATION_OF_SISTER_CHROMATIDS",7.13692091949171e-09,3.71839065498972e-07,0.761460801445585,-0.460127372504653,-1.96746709393586,186,"CDCA8;UBE2C;AURKB;BIRC5;SPC25;SPC24;ZWINT;CDC20;NDC80;KNL1;ESPL1;CDCA5;NUF2;PLK1;SGO1;PTTG1;SGO2;BUB1B;RANGAP1;KIF18A;DSN1;BUB1;SKA2;CENPA;CENPU;CENPE;PSMA1;INCENP;SPDL1;KIF2C;TUBB2B;CENPI;RANBP2;ANAPC1;CENPF;ERCC6L;DYNC1H1;TUBB6","06_Reactome_Pathways"
"REACTOME_RHO_GTPASES_ACTIVATE_FORMINS",1.31343921181807e-08,6.55601785303233e-07,0.747739663149885,-0.505564166048764,-2.07966700900339,135,"CDCA8;AURKB;BIRC5;SPC25;SPC24;ZWINT;CDC20;NDC80;DIAPH3;KNL1;NUF2;PLK1;SGO1;SGO2;BUB1B;RANGAP1;KIF18A;DSN1;BUB1;SKA2;CENPA;CENPU;CENPE;PFN2;FMNL1;INCENP;SPDL1;KIF2C;TUBB2B;CENPI;RANBP2;CENPF;ERCC6L;DYNC1H1;TUBB6;CENPM;ACTB;CENPH;MAD2L1;TUBA4B;CENPL;SRGAP2;MAD1L1","06_Reactome_Pathways"
"REACTOME_REPLACEMENT_OF_PROTAMINES_BY_NUCLEOSOMES_IN_THE_MALE_PRONUCLEUS",1.64584178890851e-08,8.10030385338327e-07,0.73376198835648,-0.740773456118247,-2.42529973315703,37,"H4C1;H2BC7;H2BC3;H4C5;H2BC1;H2BC10;H4C3;H4C4;H2BC13;H2BC8;H4C2;H4C16;H2BC9;H4C8;H2BC15;H4C6;H4C14;H2BC17;H4C9","06_Reactome_Pathways"
"REACTOME_DEUBIQUITINATION",3.92844560750259e-07,1.71729193699399e-05,0.674962860011025,-0.391672478933905,-1.73571095544931,268,"H2AC4;H2BC7;H2BC3;H2BC1;H2BC10;H2AC16;H2AC8;H2BC13;H2BC8;H2BC9;H2AC13;CDC20;H2AC21;CDK1;H2BC15;CCNA2;TAF9B;BIRC3;H2AC20;H2AC12;RIPK2;CDC25A;TGFBR2;USP13;H2BC17;BRCA1;USP25;PSMA1;BARD1;BIRC2;AR;RHOT1;ASXL1;H2BC26;USP4;STAMBPL1;H2AC15;H2AC18;H2AC14;H2BC18;TNFAIP3;ACTB;MYC;BABAM2;H2AC11;RIGI;SKP2;H2AC25;SMAD3;RAD23B;HIF1A;H2BC21;FOXK1;MDM4;APC;GATA3;ESR1;H2AC7","06_Reactome_Pathways"
"REACTOME_UB_SPECIFIC_PROCESSING_PROTEASES",5.5513426802859e-07,2.39695397446946e-05,0.659444398037935,-0.433675191242026,-1.86007987548242,193,"H2AC4;H2BC7;H2BC3;H2BC1;H2BC10;H2AC16;H2AC8;H2BC13;H2BC8;H2BC9;H2AC13;CDC20;H2AC21;H2BC15;CCNA2;TAF9B;BIRC3;H2AC20;H2AC12;CDC25A;USP13;H2BC17;USP25;PSMA1;BIRC2;AR;RHOT1;H2BC26;USP4;H2AC15;H2AC18;H2AC14;H2BC18;MYC;H2AC11;RIGI;SKP2;H2AC25;SMAD3;HIF1A;H2BC21;MDM4;GATA3;H2AC7","06_Reactome_Pathways"
"REACTOME_SUMOYLATION_OF_CHROMATIN_ORGANIZATION_PROTEINS",1.06848600056217e-06,4.47619313806936e-05,0.643551836150722,-0.574015823786038,-2.10882791771681,68,"H4C1;H4C5;H4C3;H4C4;RNF2;H4C2;H4C16;H4C8;H4C6;CBX5;H4C14;H4C9;RANBP2;H4C15","06_Reactome_Pathways"
"REACTOME_SIGNALING_BY_WNT",1.18010907380687e-06,4.91456074642173e-05,0.643551836150722,-0.364631136748769,-1.64666005771402,310,"H2AC4;H3C3;H3C7;H3C2;H4C1;H2BC7;H2BC3;H4C5;H3C11;H2BC1;H3C8;H2BC10;H4C3;H4C4;H3C1;H2AC8;CAV1;H2BC13;LGR5;H2BC8;H4C2;H4C16;H2BC9;H4C8;DACT1;FZD8;DKK1;H3C10;H2BC15;FZD1;H2AC20;H4C6;PLCB1;CXXC4;RAC3;WNT3;GNG11;H4C14;H2BC17;SOX6;H4C9;PSMA1;H3C13;ITPR1;H3C6;SFRP1;H4C15;FZD6;H2BC26;GNB3;H2AC18;H2AC14;H3-4;H2AZ2;VPS29;TCF4;WIF1;MYC;BCL9L;H2AX","06_Reactome_Pathways"
"REACTOME_MUSCLE_CONTRACTION",5.18817504641598e-06,0.000202857644314865,0.610526878385931,0.483970401663201,1.78137899857677,176,"KCNJ12;ACTG2;NPPC;TBX5;TMOD1;KCNK13;KCNK10;DES;TNNT3;KCNK15;CACNA1G;CASQ2;CACNG7;CACNA1H;CACNG6;RYR3;TRDN;MYBPC3;SLC8A2;CAMK2A;FXYD4;TNNI3;CAMK2B;KCNK9;NKX2-5;MYL9;CACNG4;KCNK1;GUCY1A1;SCN5A;ATP2A3;KCNE5;ABCC9;CACNA1I;SCN4A;RYR1;CORIN;ACTN2;KCNE2;KCNE3;CASQ1;CACNG8;RYR2;SCN2A;MYL4;KCNK6;KCNJ11;TNNI2;TNNT1;FXYD7;FGF11;KCNJ4;GUCY1B1;ANXA6;KCNH2;CACNA2D2;ITGB5;SCN3B;CLIC2;NPR1;TNNC2;NEB;SLC8A3","06_Reactome_Pathways"
"REACTOME_METALLOPROTEASE_DUBS",6.9796911181584e-06,0.000266973185269559,0.610526878385931,-0.661290796336849,-2.14429690381643,35,"H2AC4;H2AC16;H2AC8;H2AC13;H2AC21;H2AC20;H2AC12;BRCA1;BARD1;STAMBPL1;H2AC15;H2AC18;H2AC14;BABAM2;H2AC11;H2AC25","06_Reactome_Pathways"
"REACTOME_FACTORS_INVOLVED_IN_MEGAKARYOCYTE_DEVELOPMENT_AND_PLATELET_PRODUCTION",1.57504495105958e-05,0.000574360951583281,0.575610261071129,-0.435546307355394,-1.80324819247682,143,"H3C3;H3C7;H3C2;H3C11;H3C8;H3C1;KIF18B;KIF20A;KIFC1;KIF23;H3C10;KIF3A;DOCK1;KIF15;DOCK2;NFE2;KIF18A;GATA6;CBX5;KIF22;DOCK7;ZFPM2;KIF20B;EHD2;CENPE;CDK2;KIF6;GATA1;H3C13;KIF2C;TUBB2B;KIF13B;H3C6;TUBB6;RACGAP1;CAPZA1;PRKAR2A;EHD1;ACTB;DOCK5","06_Reactome_Pathways"
"REACTOME_CROSSLINKING_OF_COLLAGEN_FIBRILS",1.75562091712775e-05,0.000630411225242099,0.575610261071129,-0.787799493104944,-2.12880890414185,17,"LOXL1;LOXL2;COL1A2;COL4A6;COL4A2;COL4A1;LOX;COL4A4;PXDN;LOXL3;BMP1;COL4A5","06_Reactome_Pathways"
"REACTOME_GPCR_LIGAND_BINDING",1.74992299420659e-05,0.000630411225242099,0.575610261071129,0.421407984825194,1.62738819481227,308,"NPFFR1;PPY;P2RY6;NMUR2;CXCL12;FZD9;ADRB1;CCR4;F2RL1;CCR7;PYY;CXCL13;WNT9A;VIPR2;HTR6;OPN5;LPAR3;LPAR5;CMKLR1;GNGT2;GPR4;WNT11;OPN3;TAS2R39;SSTR3;RAMP3;GHRHR;OPRL1;KISS1R;ADRB2;HRH3;SUCNR1;IHH;WNT10B;NMUR1;MLN;NTSR1;OPN4;OPRK1;GRM5;P2RY2;GHSR;CGA;TRH;CRHR1;HRH2;ADORA3;NPY2R;SHH;UCN2;GPR35;GCGR;TAS1R1;PTGIR;MTNR1B;S1PR4;ADCYAP1R1;NPSR1;GNG4;FPR1;EDN2;XCR1;KEL;P2RY4;ADRA1D;XCL1;CCR1;GNRH2;VIPR1;GALR2;TAC3;CCKAR;PNOC;AGT;ADM2;PTH2R;TAS1R2;CCL5;CCL28;CHRM2;GNG10;FPR2;RLN2;C3AR1;GNG8;ADGRE2;HCRTR1;CHRM4;F2R;MC1R;FZD4;CXCL11;FZD5;GRM4;ACKR4;PTGER3;P2RY1;UTS2;UTS2R;NLN;S1PR1;GNG13;ADRA2A;TAS2R40;TAS2R9;NMB","06_Reactome_Pathways"
"REACTOME_MITOTIC_G2_G2_M_PHASES",2.07744272043958e-05,0.000734725721932352,0.575610261071129,-0.386803870685801,-1.66377141548,195,"CDC25C;GTSE1;AJUBA;CCNB1;MYBL2;TPX2;AURKA;CDK1;FOXM1;HMMR;NEK2;PLK1;CCNA2;CENPJ;PLK4;HAUS4;CDC25A;BORA;CCNB2;MZT1;HAUS8;PKMYT1;CDK2;PSMA1;PHLDA1;TUBB2B;TUBGCP3;CEP290;AKAP9;CCNH;PPP1R12A;CENPF;TUBG1;TUBB;DYNC1H1;TUBB6","06_Reactome_Pathways"
"REACTOME_CARDIAC_CONDUCTION",3.46274480941535e-05,0.00118881941310562,0.557332238758646,0.518602696759716,1.80981873735057,112,"KCNJ12;NPPC;TBX5;KCNK13;KCNK10;KCNK15;CASQ2;CACNG7;CACNG6;RYR3;TRDN;SLC8A2;CAMK2A;FXYD4;TNNI3;CAMK2B;KCNK9;NKX2-5;CACNG4;KCNK1;SCN5A;ATP2A3;KCNE5;ABCC9;SCN4A;RYR1;CORIN;KCNE2;KCNE3;CASQ1;CACNG8;RYR2;SCN2A;KCNK6;KCNJ11;FXYD7;FGF11;KCNJ4;KCNH2;CACNA2D2;SCN3B;CLIC2;NPR1;SLC8A3","06_Reactome_Pathways"
"REACTOME_NON_INTEGRIN_MEMBRANE_ECM_INTERACTIONS",3.74307120795652e-05,0.00127264421070522,0.557332238758646,-0.559074674787081,-2.00255315920035,58,"COL11A1;THBS1;DDR2;ITGB3;ITGB4;DMD;COL5A2;NTN4;FN1;COL1A2;COL5A1;COL4A6;COL4A2;HSPG2;COL4A1;SDC4;COL4A4;COL5A3;ACTN1;LAMA5;FGF2;ITGA2;LAMB2;COL10A1;COL4A5;LAMA2;TNC","06_Reactome_Pathways"
"REACTOME_DIFFERENTIATION_OF_KERATINOCYTES_IN_INTERFOLLICULAR_EPIDERMIS_IN_MAMMALIAN_SKIN",9.05491039854103e-05,0.00287065132364557,0.538434096309916,0.707569909574391,1.95924703736136,28,"KRT14;HOPX;KRT19;LGALS7;KRT5;KRT15;DLL1;GJB3;PRSS3;SPINK5;ITGA6","06_Reactome_Pathways"
"REACTOME_SYNDECAN_INTERACTIONS",0.000119090177224926,0.00363636305391674,0.538434096309916,-0.687422361513616,-2.08692877676428,27,"THBS1;ITGB3;ITGB4;COL5A2;FN1;COL1A2;COL5A1;SDC4;COL5A3;ACTN1;FGF2;ITGA2","06_Reactome_Pathways"
"REACTOME_APC_C_MEDIATED_DEGRADATION_OF_CELL_CYCLE_PROTEINS",0.0001290509440756,0.00389811392448101,0.518848077743792,-0.463434222870057,-1.77822051945647,87,"UBE2C;AURKB;CCNB1;CDC20;AURKA;CDK1;NEK2;PLK1;CCNA2;PTTG1;BUB1B;CDK2;PSMA1;ANAPC1","06_Reactome_Pathways"
"REACTOME_MITOTIC_G1_PHASE_AND_G1_S_TRANSITION",0.000138581821363844,0.00415037812237758,0.518848077743792,-0.402829518283444,-1.67267829846909,145,"RRM2;TOP2A;CCNB1;MYBL2;E2F2;TK1;CDK1;CCNA2;CDK6;MCM10;TYMS;CDC45;CKS1B;CDC25A;POLA2;CDK2;PSMA1;CDC6;CDT1;MCM6;CDKN2D;CCNH;DHFR;E2F5;MYC;CCND1;DBF4;TFDP1;SKP2;FBXO5;ORC3;MCM4;CABLES1","06_Reactome_Pathways"
"REACTOME_APOPTOSIS_INDUCED_DNA_FRAGMENTATION",0.000143170896783366,0.00426964733712428,0.518848077743792,-0.810309358592932,-2.016230445956,13,"H1-0;H1-5;H1-3;H1-2;H1-4;HMGB2","06_Reactome_Pathways"
"REACTOME_CLASS_A_1_RHODOPSIN_LIKE_RECEPTORS",0.000180683054339089,0.0051692981156037,0.518848077743792,0.436695170948498,1.62957714204371,205,"NPFFR1;PPY;P2RY6;NMUR2;CXCL12;ADRB1;CCR4;F2RL1;CCR7;PYY;CXCL13;HTR6;OPN5;LPAR3;LPAR5;CMKLR1;GPR4;OPN3;SSTR3;OPRL1;KISS1R;ADRB2;HRH3;SUCNR1;NMUR1;MLN;NTSR1;OPN4;OPRK1;P2RY2;GHSR;CGA;TRH;HRH2;ADORA3;NPY2R;GPR35;PTGIR;MTNR1B;S1PR4;NPSR1;FPR1;EDN2;XCR1;KEL;P2RY4;ADRA1D;XCL1;CCR1;GNRH2;GALR2;TAC3;CCKAR;PNOC;AGT;CCL5;CCL28;CHRM2;FPR2;RLN2;C3AR1;HCRTR1;CHRM4;F2R;MC1R;CXCL11;ACKR4;PTGER3;P2RY1;UTS2;UTS2R;NLN;S1PR1;ADRA2A","06_Reactome_Pathways"
"REACTOME_CONDENSATION_OF_PROMETAPHASE_CHROMOSOMES",0.000240517949050015,0.00666443041501577,0.518848077743792,-0.818098660950223,-1.95548604145997,11,"CCNB1;CDK1;NCAPG;CCNB2;NCAPD2","06_Reactome_Pathways"
"REACTOME_NEURONAL_SYSTEM",0.000290395883944144,0.00786079319691879,0.49849310876659,0.385244746868437,1.50210199557274,355,"KCNJ12;SHANK2;CHAT;TUBAL3;KCNK13;CPLX1;CHRNA1;DLGAP2;MAOA;KCNK10;SLC6A12;ERBB4;SYN3;SYT7;GRIK3;TSPAN7;SHANK1;CHRNA7;GNGT2;KCNQ4;PLCB2;SLITRK5;CAMK2A;CACNA1B;KCNA6;CAMK2B;KCNH4;ADCY1;KCNK9;KCNQ2;CHRNB4;ABCC8;GLRA3;GRIN2B;GRM5;CACNG4;GABRB3;KCNG3;KCNK1;CHRNA4;SLC1A7;GRIN1;ACHE;ABCC9;GNG4;SLC6A1;KCNH3;KCNG2;TUBB3;DLGAP1;SLC22A1;ACTN2;SLC1A2;KIF17;CACNG8;NRXN2;SYT2;KCNMB4;KCNJ5;ARL6IP5;CACNA1E;KCNK6;KCNJ11;MAPT;KCNJ15;CACNA1A;GABRQ;GABRA4;GLRA1;KCNJ4;KCNC3;PPFIA3;GNG10;GABRR2;LRRC51;GRIA2;KCNJ10;KCNH2;GNG8;LRRC4B;PRKAR2B;GRIK5;CACNA2D2;GABRR3;BEGAIN;PPFIBP2;KCNAB2;KCNS1;KCNMB2;CHRNE;GRIN2D;SLC6A4;GNG13;GLS2;KCNG1","06_Reactome_Pathways"
"REACTOME_SCAVENGING_OF_HEME_FROM_PLASMA",0.000322823229358663,0.00863889691340788,0.49849310876659,0.811693828976956,1.89978295853489,13,"APOA1;IGHA1;IGHA2;HBB;CD163;AMBP;JCHAIN","06_Reactome_Pathways"
"REACTOME_REGULATION_OF_PLK1_ACTIVITY_AT_G2_M_TRANSITION",0.000402768935488305,0.0104216462057599,0.49849310876659,-0.445491018063668,-1.70937153637116,87,"AJUBA;CCNB1;AURKA;CDK1;NEK2;PLK1;CENPJ;PLK4;HAUS4;BORA;CCNB2;HAUS8;CEP290;AKAP9;PPP1R12A;TUBG1;TUBB;DYNC1H1;CEP78;HSP90AA1;PPP1CB;CEP135;CEP131;NDE1;HAUS7;PCNT;NEDD1;HAUS3;PRKACA;UBA52;YWHAE;CEP250;ODF2;CEP152;CDK5RAP2","06_Reactome_Pathways"
"REACTOME_PROTEIN_UBIQUITINATION",0.000478187721002798,0.0121497659942877,0.49849310876659,-0.463018370114845,-1.74959784736328,79,"H2BC7;H2BC3;H2BC1;H2BC10;UBE2C;H2BC13;H2BC8;H2BC9;H2BC15;PRKDC;UBE2T;H2BC17;SHPRH","06_Reactome_Pathways"
"REACTOME_FORMATION_OF_SENESCENCE_ASSOCIATED_HETEROCHROMATIN_FOCI_SAHF",0.000507732389939677,0.0128540307927894,0.477270815362862,-0.719996450152396,-1.94559004854649,17,"H1-0;H1-5;H1-3;H1-2;H1-4;LMNB1","06_Reactome_Pathways"
"REACTOME_E3_UBIQUITIN_LIGASES_UBIQUITINATE_TARGET_PROTEINS",0.000910025078570156,0.0213491883432559,0.477270815362862,-0.493770540846883,-1.77450799907813,59,"H2BC7;H2BC3;H2BC1;H2BC10;H2BC13;H2BC8;H2BC9;H2BC15;PRKDC;H2BC17;SHPRH","06_Reactome_Pathways"
"REACTOME_G_ALPHA_Q_SIGNALLING_EVENTS",0.000966414246958212,0.0224476022115244,0.477270815362862,0.423603273948052,1.55278394042056,170,"NPFFR1;DGKK;P2RY6;NMUR2;F2RL1;GAST;LPAR3;LPAR5;RGS13;GNGT2;GPR4;PLCB2;KISS1R;RGS21;NMUR1;MLN;NTSR1;OPN4;GRM5;PIK3R3;P2RY2;GHSR;TRH;TRPC3;GCGR;NPSR1;GNG4;RGS1;PRKCH;EDN2;XCR1;ADRA1D;RASGRP2;XCL1;RGS17;GNRH2;TAC3;CCKAR;AGT;TRPC7;RGS16;GNG10;FPR2;GNG8;HCRTR1;RGS19;DGKH;F2R;KALRN;P2RY1;UTS2;GNA15;UTS2R;GNG13;TRPC6;NMB","06_Reactome_Pathways"
"REACTOME_SUMOYLATION_OF_DNA_REPLICATION_PROTEINS",0.0010077265997468,0.0231495423139146,0.45505986738723,-0.536528146188905,-1.83155603380011,46,"CDCA8;AURKB;BIRC5;TOP2A;AURKA;RANGAP1;INCENP;RANBP2","06_Reactome_Pathways"
"REACTOME_GOLGI_CISTERNAE_PERICENTRIOLAR_STACK_REORGANIZATION",0.00141900089276626,0.0310153052276054,0.45505986738723,-0.734640891333257,-1.87318725737304,14,"CCNB1;CDK1;PLK1;CCNB2","06_Reactome_Pathways"
"REACTOME_CYCLIN_A_B1_B2_ASSOCIATED_EVENTS_DURING_G2_M_TRANSITION",0.00154488304367833,0.0333524136853008,0.45505986738723,-0.634105416207695,-1.86922638411108,24,"CDC25C;CCNB1;CDK1;FOXM1;PLK1;CCNA2;CDC25A;CCNB2;PKMYT1;CDK2;CCNH","06_Reactome_Pathways"
"REACTOME_AURKA_ACTIVATION_BY_TPX2",0.00176824884336798,0.0373721782571287,0.45505986738723,-0.448664450877796,-1.6648902465281,72,"TPX2;AURKA;CDK1;HMMR;NEK2;PLK1;CENPJ;PLK4;HAUS4;HAUS8;CEP290;AKAP9;TUBG1;TUBB;DYNC1H1;CEP78;HSP90AA1;CEP135;CEP131;NDE1;HAUS7;PCNT;NEDD1;HAUS3;PRKACA;YWHAE;CEP250;ODF2;CEP152;CDK5RAP2","06_Reactome_Pathways"
"REACTOME_RHOD_GTPASE_CYCLE",0.001946778299267,0.040298310794827,0.45505986738723,-0.489000486864494,-1.69460944315665,50,"CAV1;DIAPH3;LMNB1;ARHGAP5;DEPDC1B;TMPO;VAPB;HINT2;ACTN1;RACGAP1;LMAN1;ARHGAP26;PIK3R1;STEAP3;EFHD2;ARHGAP17","06_Reactome_Pathways"
"REACTOME_INTERLEUKIN_7_SIGNALING",0.00197354326470262,0.0407325439794048,0.431707695803346,-0.578258876962754,-1.81840355247011,31,"H3C3;H3C7;H3C2;H3C11;H3C8;H3C1;H3C10;IRS1","06_Reactome_Pathways"
"REACTOME_ION_CHANNEL_TRANSPORT",0.00249500998003992,0.0496041814675733,0.326351610990907,0.414370174505182,1.51828886709105,169,"CLCA4;STOML3;CLCA1;TRPV4;BSND;ATP12A;CASQ2;RYR3;TRDN;ATP8B4;TRPV3;ATP6V0D2;CAMK2A;FXYD4;WNK2;CAMK2B;ANO1;ATP6V1C2;ATP4B;TRPC3;ASIC1;SLC9B1;WNK3;CLCN5;ATP13A4;ATP8A2;UNC79;TRPM2;ATP2A3;ATP13A5;RYR1;CASQ1;SGK1;RYR2;ANO2;MCOLN2;TRPM6;FXYD7;ATP8B1;TRPC7;ATP6V0A4;MCOLN1;TRPV1;CUTC;ATP4A;ATP6V0E1;MCOLN3;ATP7B;CLIC2;ANO5;TRPC6;ATP6V1G1;ATP1B1","06_Reactome_Pathways"
